"Date","AQS_SITE_ID","POC","Daily Mean PM2.5 Concentration","UNITS","DAILY_AQI_VALUE","DAILY_OBS_COUNT","PERCENT_COMPLETE","AQS_PARAMETER_CODE","AQS_PARAMETER_DESC","CBSA_CODE","CBSA_NAME","STATE_CODE","STATE","COUNTY_CODE","COUNTY","SITE_LATITUDE","SITE_LONGITUDE"
"01/02/1999","060690003","1","6.7","ug/m3 LC","28","1","100.0000","88502","Acceptable PM2.5 AQI & Speciation Mass","41940","San Jose-Sunnyvale-Santa Clara, CA","06","California","069","San Benito","36.48324","-121.15688"
"01/06/1999","060690003","1","5.4","ug/m3 LC","23","1","100.0000","88502","Acceptable PM2.5 AQI & Speciation Mass","41940","San Jose-Sunnyvale-Santa Clara, CA","06","California","069","San Benito","36.48324","-121.15688"
"01/09/1999","060690003","1","3.4","ug/m3 LC","14","1","100.0000","88502","Acceptable PM2.5 AQI & Speciation Mass","41940","San Jose-Sunnyvale-Santa Clara, CA","06","California","069","San Benito","36.48324","-121.15688"
"01/13/1999","060690003","1","11","ug/m3 LC","46","1","100.0000","88502","Acceptable PM2.5 AQI & Speciation Mass","41940","San Jose-Sunnyvale-Santa Clara, CA","06","California","069","San Benito","36.48324","-121.15688"
"01/16/1999","060690003","1","2.3","ug/m3 LC","10","1","100.0000","88502","Acceptable PM2.5 AQI & Speciation Mass","41940","San Jose-Sunnyvale-Santa Clara, CA","06","California","069","San Benito","36.48324","-121.15688"
"01/20/1999","060690003","1","2.2","ug/m3 LC","9","1","100.0000","88502","Acceptable PM2.5 AQI & Speciation Mass","41940","San Jose-Sunnyvale-Santa Clara, CA","06","California","069","San Benito","36.48324","-121.15688"
"01/23/1999","060690003","1","1.6","ug/m3 LC","7","1","100.0000","88502","Acceptable PM2.5 AQI & Speciation Mass","41940","San Jose-Sunnyvale-Santa Clara, CA","06","California","069","San Benito","36.48324","-121.15688"
"01/27/1999","060690003","1","5.2","ug/m3 LC","22","1","100.0000","88502","Acceptable PM2.5 AQI & Speciation Mass","41940","San Jose-Sunnyvale-Santa Clara, CA","06","California","069","San Benito","36.48324","-121.15688"
"01/30/1999","060690003","1","5.4","ug/m3 LC","23","1","100.0000","88502","Acceptable PM2.5 AQI & Speciation Mass","41940","San Jose-Sunnyvale-Santa Clara, CA","06","California","069","San Benito","36.48324","-121.15688"
"02/03/1999","060690003","1","6.6","ug/m3 LC","28","1","100.0000","88502","Acceptable PM2.5 AQI & Speciation Mass","41940","San Jose-Sunnyvale-Santa Clara, CA","06","California","069","San Benito","36.48324","-121.15688"
"02/06/1999","060690003","1","4.3","ug/m3 LC","18","1","100.0000","88502","Acceptable PM2.5 AQI & Speciation Mass","41940","San Jose-Sunnyvale-Santa Clara, CA","06","California","069","San Benito","36.48324","-121.15688"
"02/10/1999","060690003","1","3.8","ug/m3 LC","16","1","100.0000","88502","Acceptable PM2.5 AQI & Speciation Mass","41940","San Jose-Sunnyvale-Santa Clara, CA","06","California","069","San Benito","36.48324","-121.15688"
"02/13/1999","060690003","1","4","ug/m3 LC","17","1","100.0000","88502","Acceptable PM2.5 AQI & Speciation Mass","41940","San Jose-Sunnyvale-Santa Clara, CA","06","California","069","San Benito","36.48324","-121.15688"
"02/17/1999","060690003","1","1.4","ug/m3 LC","6","1","100.0000","88502","Acceptable PM2.5 AQI & Speciation Mass","41940","San Jose-Sunnyvale-Santa Clara, CA","06","California","069","San Benito","36.48324","-121.15688"
"02/20/1999","060690003","1","2.1","ug/m3 LC","9","1","100.0000","88502","Acceptable PM2.5 AQI & Speciation Mass","41940","San Jose-Sunnyvale-Santa Clara, CA","06","California","069","San Benito","36.48324","-121.15688"
"02/24/1999","060690003","1","3.6","ug/m3 LC","15","1","100.0000","88502","Acceptable PM2.5 AQI & Speciation Mass","41940","San Jose-Sunnyvale-Santa Clara, CA","06","California","069","San Benito","36.48324","-121.15688"
"02/27/1999","060690003","1","3.7","ug/m3 LC","15","1","100.0000","88502","Acceptable PM2.5 AQI & Speciation Mass","41940","San Jose-Sunnyvale-Santa Clara, CA","06","California","069","San Benito","36.48324","-121.15688"
"03/03/1999","060690003","1","3.6","ug/m3 LC","15","1","100.0000","88502","Acceptable PM2.5 AQI & Speciation Mass","41940","San Jose-Sunnyvale-Santa Clara, CA","06","California","069","San Benito","36.48324","-121.15688"
"03/06/1999","060690003","1","4.1","ug/m3 LC","17","1","100.0000","88502","Acceptable PM2.5 AQI & Speciation Mass","41940","San Jose-Sunnyvale-Santa Clara, CA","06","California","069","San Benito","36.48324","-121.15688"
"03/10/1999","060690003","1","2.9","ug/m3 LC","12","1","100.0000","88502","Acceptable PM2.5 AQI & Speciation Mass","41940","San Jose-Sunnyvale-Santa Clara, CA","06","California","069","San Benito","36.48324","-121.15688"
"03/13/1999","060690003","1","14.3","ug/m3 LC","56","1","100.0000","88502","Acceptable PM2.5 AQI & Speciation Mass","41940","San Jose-Sunnyvale-Santa Clara, CA","06","California","069","San Benito","36.48324","-121.15688"
"03/17/1999","060690003","1","10.5","ug/m3 LC","44","1","100.0000","88502","Acceptable PM2.5 AQI & Speciation Mass","41940","San Jose-Sunnyvale-Santa Clara, CA","06","California","069","San Benito","36.48324","-121.15688"
"03/24/1999","060690003","1","3.3","ug/m3 LC","14","1","100.0000","88502","Acceptable PM2.5 AQI & Speciation Mass","41940","San Jose-Sunnyvale-Santa Clara, CA","06","California","069","San Benito","36.48324","-121.15688"
"03/27/1999","060690003","1","5.4","ug/m3 LC","23","1","100.0000","88502","Acceptable PM2.5 AQI & Speciation Mass","41940","San Jose-Sunnyvale-Santa Clara, CA","06","California","069","San Benito","36.48324","-121.15688"
"03/31/1999","060690003","1","2.4","ug/m3 LC","10","1","100.0000","88502","Acceptable PM2.5 AQI & Speciation Mass","41940","San Jose-Sunnyvale-Santa Clara, CA","06","California","069","San Benito","36.48324","-121.15688"
"04/03/1999","060690003","1","5.2","ug/m3 LC","22","1","100.0000","88502","Acceptable PM2.5 AQI & Speciation Mass","41940","San Jose-Sunnyvale-Santa Clara, CA","06","California","069","San Benito","36.48324","-121.15688"
"04/07/1999","060690003","1","4.5","ug/m3 LC","19","1","100.0000","88502","Acceptable PM2.5 AQI & Speciation Mass","41940","San Jose-Sunnyvale-Santa Clara, CA","06","California","069","San Benito","36.48324","-121.15688"
"04/10/1999","060690003","1","3.7","ug/m3 LC","15","1","100.0000","88502","Acceptable PM2.5 AQI & Speciation Mass","41940","San Jose-Sunnyvale-Santa Clara, CA","06","California","069","San Benito","36.48324","-121.15688"
"04/14/1999","060690003","1","5.6","ug/m3 LC","23","1","100.0000","88502","Acceptable PM2.5 AQI & Speciation Mass","41940","San Jose-Sunnyvale-Santa Clara, CA","06","California","069","San Benito","36.48324","-121.15688"
"04/17/1999","060690003","1","9","ug/m3 LC","38","1","100.0000","88502","Acceptable PM2.5 AQI & Speciation Mass","41940","San Jose-Sunnyvale-Santa Clara, CA","06","California","069","San Benito","36.48324","-121.15688"
"04/21/1999","060690003","1","3.3","ug/m3 LC","14","1","100.0000","88502","Acceptable PM2.5 AQI & Speciation Mass","41940","San Jose-Sunnyvale-Santa Clara, CA","06","California","069","San Benito","36.48324","-121.15688"
"04/24/1999","060690003","1","10.2","ug/m3 LC","43","1","100.0000","88502","Acceptable PM2.5 AQI & Speciation Mass","41940","San Jose-Sunnyvale-Santa Clara, CA","06","California","069","San Benito","36.48324","-121.15688"
"04/28/1999","060690003","1","6.4","ug/m3 LC","27","1","100.0000","88502","Acceptable PM2.5 AQI & Speciation Mass","41940","San Jose-Sunnyvale-Santa Clara, CA","06","California","069","San Benito","36.48324","-121.15688"
"05/01/1999","060690003","1","3.7","ug/m3 LC","15","1","100.0000","88502","Acceptable PM2.5 AQI & Speciation Mass","41940","San Jose-Sunnyvale-Santa Clara, CA","06","California","069","San Benito","36.48324","-121.15688"
"05/05/1999","060690003","1","6.7","ug/m3 LC","28","1","100.0000","88502","Acceptable PM2.5 AQI & Speciation Mass","41940","San Jose-Sunnyvale-Santa Clara, CA","06","California","069","San Benito","36.48324","-121.15688"
"05/08/1999","060690003","1","8.8","ug/m3 LC","37","1","100.0000","88502","Acceptable PM2.5 AQI & Speciation Mass","41940","San Jose-Sunnyvale-Santa Clara, CA","06","California","069","San Benito","36.48324","-121.15688"
"05/12/1999","060690003","1","5.5","ug/m3 LC","23","1","100.0000","88502","Acceptable PM2.5 AQI & Speciation Mass","41940","San Jose-Sunnyvale-Santa Clara, CA","06","California","069","San Benito","36.48324","-121.15688"
"05/26/1999","060690003","1","7.7","ug/m3 LC","32","1","100.0000","88502","Acceptable PM2.5 AQI & Speciation Mass","41940","San Jose-Sunnyvale-Santa Clara, CA","06","California","069","San Benito","36.48324","-121.15688"
"05/29/1999","060690003","1","6.8","ug/m3 LC","28","1","100.0000","88502","Acceptable PM2.5 AQI & Speciation Mass","41940","San Jose-Sunnyvale-Santa Clara, CA","06","California","069","San Benito","36.48324","-121.15688"
"06/02/1999","060690003","1","3.3","ug/m3 LC","14","1","100.0000","88502","Acceptable PM2.5 AQI & Speciation Mass","41940","San Jose-Sunnyvale-Santa Clara, CA","06","California","069","San Benito","36.48324","-121.15688"
"06/05/1999","060690003","1","4.7","ug/m3 LC","20","1","100.0000","88502","Acceptable PM2.5 AQI & Speciation Mass","41940","San Jose-Sunnyvale-Santa Clara, CA","06","California","069","San Benito","36.48324","-121.15688"
"06/09/1999","060690003","1","5","ug/m3 LC","21","1","100.0000","88502","Acceptable PM2.5 AQI & Speciation Mass","41940","San Jose-Sunnyvale-Santa Clara, CA","06","California","069","San Benito","36.48324","-121.15688"
"06/12/1999","060690003","1","3","ug/m3 LC","13","1","100.0000","88502","Acceptable PM2.5 AQI & Speciation Mass","41940","San Jose-Sunnyvale-Santa Clara, CA","06","California","069","San Benito","36.48324","-121.15688"
"06/16/1999","060690003","1","6.3","ug/m3 LC","26","1","100.0000","88502","Acceptable PM2.5 AQI & Speciation Mass","41940","San Jose-Sunnyvale-Santa Clara, CA","06","California","069","San Benito","36.48324","-121.15688"
"06/19/1999","060690003","1","6.2","ug/m3 LC","26","1","100.0000","88502","Acceptable PM2.5 AQI & Speciation Mass","41940","San Jose-Sunnyvale-Santa Clara, CA","06","California","069","San Benito","36.48324","-121.15688"
"06/23/1999","060690003","1","7","ug/m3 LC","29","1","100.0000","88502","Acceptable PM2.5 AQI & Speciation Mass","41940","San Jose-Sunnyvale-Santa Clara, CA","06","California","069","San Benito","36.48324","-121.15688"
"06/26/1999","060690003","1","8.9","ug/m3 LC","37","1","100.0000","88502","Acceptable PM2.5 AQI & Speciation Mass","41940","San Jose-Sunnyvale-Santa Clara, CA","06","California","069","San Benito","36.48324","-121.15688"
"06/30/1999","060690003","1","7.8","ug/m3 LC","33","1","100.0000","88502","Acceptable PM2.5 AQI & Speciation Mass","41940","San Jose-Sunnyvale-Santa Clara, CA","06","California","069","San Benito","36.48324","-121.15688"
"07/03/1999","060690003","1","3.5","ug/m3 LC","15","1","100.0000","88502","Acceptable PM2.5 AQI & Speciation Mass","41940","San Jose-Sunnyvale-Santa Clara, CA","06","California","069","San Benito","36.48324","-121.15688"
"07/07/1999","060690003","1","5.7","ug/m3 LC","24","1","100.0000","88502","Acceptable PM2.5 AQI & Speciation Mass","41940","San Jose-Sunnyvale-Santa Clara, CA","06","California","069","San Benito","36.48324","-121.15688"
"07/10/1999","060690003","1","9.7","ug/m3 LC","40","1","100.0000","88502","Acceptable PM2.5 AQI & Speciation Mass","41940","San Jose-Sunnyvale-Santa Clara, CA","06","California","069","San Benito","36.48324","-121.15688"
"07/14/1999","060690003","1","9.3","ug/m3 LC","39","1","100.0000","88502","Acceptable PM2.5 AQI & Speciation Mass","41940","San Jose-Sunnyvale-Santa Clara, CA","06","California","069","San Benito","36.48324","-121.15688"
"07/17/1999","060690003","1","5.4","ug/m3 LC","23","1","100.0000","88502","Acceptable PM2.5 AQI & Speciation Mass","41940","San Jose-Sunnyvale-Santa Clara, CA","06","California","069","San Benito","36.48324","-121.15688"
"07/21/1999","060690003","1","4.3","ug/m3 LC","18","1","100.0000","88502","Acceptable PM2.5 AQI & Speciation Mass","41940","San Jose-Sunnyvale-Santa Clara, CA","06","California","069","San Benito","36.48324","-121.15688"
"07/24/1999","060690003","1","4.6","ug/m3 LC","19","1","100.0000","88502","Acceptable PM2.5 AQI & Speciation Mass","41940","San Jose-Sunnyvale-Santa Clara, CA","06","California","069","San Benito","36.48324","-121.15688"
"07/28/1999","060690003","1","3.5","ug/m3 LC","15","1","100.0000","88502","Acceptable PM2.5 AQI & Speciation Mass","41940","San Jose-Sunnyvale-Santa Clara, CA","06","California","069","San Benito","36.48324","-121.15688"
"07/31/1999","060690003","1","4.9","ug/m3 LC","20","1","100.0000","88502","Acceptable PM2.5 AQI & Speciation Mass","41940","San Jose-Sunnyvale-Santa Clara, CA","06","California","069","San Benito","36.48324","-121.15688"
"08/04/1999","060690003","1","3.8","ug/m3 LC","16","1","100.0000","88502","Acceptable PM2.5 AQI & Speciation Mass","41940","San Jose-Sunnyvale-Santa Clara, CA","06","California","069","San Benito","36.48324","-121.15688"
"08/07/1999","060690003","1","2.9","ug/m3 LC","12","1","100.0000","88502","Acceptable PM2.5 AQI & Speciation Mass","41940","San Jose-Sunnyvale-Santa Clara, CA","06","California","069","San Benito","36.48324","-121.15688"
"08/11/1999","060690003","1","2.4","ug/m3 LC","10","1","100.0000","88502","Acceptable PM2.5 AQI & Speciation Mass","41940","San Jose-Sunnyvale-Santa Clara, CA","06","California","069","San Benito","36.48324","-121.15688"
"08/14/1999","060690003","1","2.9","ug/m3 LC","12","1","100.0000","88502","Acceptable PM2.5 AQI & Speciation Mass","41940","San Jose-Sunnyvale-Santa Clara, CA","06","California","069","San Benito","36.48324","-121.15688"
"08/18/1999","060690003","1","5.1","ug/m3 LC","21","1","100.0000","88502","Acceptable PM2.5 AQI & Speciation Mass","41940","San Jose-Sunnyvale-Santa Clara, CA","06","California","069","San Benito","36.48324","-121.15688"
"08/21/1999","060690003","1","4.6","ug/m3 LC","19","1","100.0000","88502","Acceptable PM2.5 AQI & Speciation Mass","41940","San Jose-Sunnyvale-Santa Clara, CA","06","California","069","San Benito","36.48324","-121.15688"
"08/25/1999","060690003","1","7.8","ug/m3 LC","33","1","100.0000","88502","Acceptable PM2.5 AQI & Speciation Mass","41940","San Jose-Sunnyvale-Santa Clara, CA","06","California","069","San Benito","36.48324","-121.15688"
"08/28/1999","060690003","1","7.7","ug/m3 LC","32","1","100.0000","88502","Acceptable PM2.5 AQI & Speciation Mass","41940","San Jose-Sunnyvale-Santa Clara, CA","06","California","069","San Benito","36.48324","-121.15688"
"09/04/1999","060690003","1","12.9","ug/m3 LC","53","1","100.0000","88502","Acceptable PM2.5 AQI & Speciation Mass","41940","San Jose-Sunnyvale-Santa Clara, CA","06","California","069","San Benito","36.48324","-121.15688"
"09/08/1999","060690003","1","9.3","ug/m3 LC","39","1","100.0000","88502","Acceptable PM2.5 AQI & Speciation Mass","41940","San Jose-Sunnyvale-Santa Clara, CA","06","California","069","San Benito","36.48324","-121.15688"
"09/11/1999","060690003","1","8","ug/m3 LC","33","1","100.0000","88502","Acceptable PM2.5 AQI & Speciation Mass","41940","San Jose-Sunnyvale-Santa Clara, CA","06","California","069","San Benito","36.48324","-121.15688"
"09/18/1999","060690003","1","10.1","ug/m3 LC","42","1","100.0000","88502","Acceptable PM2.5 AQI & Speciation Mass","41940","San Jose-Sunnyvale-Santa Clara, CA","06","California","069","San Benito","36.48324","-121.15688"
"09/22/1999","060690003","1","14.8","ug/m3 LC","57","1","100.0000","88502","Acceptable PM2.5 AQI & Speciation Mass","41940","San Jose-Sunnyvale-Santa Clara, CA","06","California","069","San Benito","36.48324","-121.15688"
"09/25/1999","060690003","1","11.8","ug/m3 LC","49","1","100.0000","88502","Acceptable PM2.5 AQI & Speciation Mass","41940","San Jose-Sunnyvale-Santa Clara, CA","06","California","069","San Benito","36.48324","-121.15688"
"09/29/1999","060690003","1","14.3","ug/m3 LC","56","1","100.0000","88502","Acceptable PM2.5 AQI & Speciation Mass","41940","San Jose-Sunnyvale-Santa Clara, CA","06","California","069","San Benito","36.48324","-121.15688"
"10/02/1999","060690003","1","19.6","ug/m3 LC","67","1","100.0000","88502","Acceptable PM2.5 AQI & Speciation Mass","41940","San Jose-Sunnyvale-Santa Clara, CA","06","California","069","San Benito","36.48324","-121.15688"
"10/06/1999","060690003","1","3.5","ug/m3 LC","15","1","100.0000","88502","Acceptable PM2.5 AQI & Speciation Mass","41940","San Jose-Sunnyvale-Santa Clara, CA","06","California","069","San Benito","36.48324","-121.15688"
"10/09/1999","060690003","1","7.7","ug/m3 LC","32","1","100.0000","88502","Acceptable PM2.5 AQI & Speciation Mass","41940","San Jose-Sunnyvale-Santa Clara, CA","06","California","069","San Benito","36.48324","-121.15688"
"10/13/1999","060690003","1","10.8","ug/m3 LC","45","1","100.0000","88502","Acceptable PM2.5 AQI & Speciation Mass","41940","San Jose-Sunnyvale-Santa Clara, CA","06","California","069","San Benito","36.48324","-121.15688"
"10/16/1999","060690003","1","13.6","ug/m3 LC","54","1","100.0000","88502","Acceptable PM2.5 AQI & Speciation Mass","41940","San Jose-Sunnyvale-Santa Clara, CA","06","California","069","San Benito","36.48324","-121.15688"
"10/27/1999","060690003","1","5.1","ug/m3 LC","21","1","100.0000","88502","Acceptable PM2.5 AQI & Speciation Mass","41940","San Jose-Sunnyvale-Santa Clara, CA","06","California","069","San Benito","36.48324","-121.15688"
"10/30/1999","060690003","1","4","ug/m3 LC","17","1","100.0000","88502","Acceptable PM2.5 AQI & Speciation Mass","41940","San Jose-Sunnyvale-Santa Clara, CA","06","California","069","San Benito","36.48324","-121.15688"
"11/03/1999","060690003","1","9.6","ug/m3 LC","40","1","100.0000","88502","Acceptable PM2.5 AQI & Speciation Mass","41940","San Jose-Sunnyvale-Santa Clara, CA","06","California","069","San Benito","36.48324","-121.15688"
"11/06/1999","060690003","1","11.1","ug/m3 LC","46","1","100.0000","88502","Acceptable PM2.5 AQI & Speciation Mass","41940","San Jose-Sunnyvale-Santa Clara, CA","06","California","069","San Benito","36.48324","-121.15688"
"11/10/1999","060690003","1","2.1","ug/m3 LC","9","1","100.0000","88502","Acceptable PM2.5 AQI & Speciation Mass","41940","San Jose-Sunnyvale-Santa Clara, CA","06","California","069","San Benito","36.48324","-121.15688"
"11/13/1999","060690003","1","9","ug/m3 LC","38","1","100.0000","88502","Acceptable PM2.5 AQI & Speciation Mass","41940","San Jose-Sunnyvale-Santa Clara, CA","06","California","069","San Benito","36.48324","-121.15688"
"11/17/1999","060690003","1","1.5","ug/m3 LC","6","1","100.0000","88502","Acceptable PM2.5 AQI & Speciation Mass","41940","San Jose-Sunnyvale-Santa Clara, CA","06","California","069","San Benito","36.48324","-121.15688"
"11/20/1999","060690003","1","1.7","ug/m3 LC","7","1","100.0000","88502","Acceptable PM2.5 AQI & Speciation Mass","41940","San Jose-Sunnyvale-Santa Clara, CA","06","California","069","San Benito","36.48324","-121.15688"
"11/24/1999","060690003","1","4.8","ug/m3 LC","20","1","100.0000","88502","Acceptable PM2.5 AQI & Speciation Mass","41940","San Jose-Sunnyvale-Santa Clara, CA","06","California","069","San Benito","36.48324","-121.15688"
"11/27/1999","060690003","1","7.9","ug/m3 LC","33","1","100.0000","88502","Acceptable PM2.5 AQI & Speciation Mass","41940","San Jose-Sunnyvale-Santa Clara, CA","06","California","069","San Benito","36.48324","-121.15688"
"12/01/1999","060690003","1","3.4","ug/m3 LC","14","1","100.0000","88502","Acceptable PM2.5 AQI & Speciation Mass","41940","San Jose-Sunnyvale-Santa Clara, CA","06","California","069","San Benito","36.48324","-121.15688"
"12/04/1999","060690003","1","4.5","ug/m3 LC","19","1","100.0000","88502","Acceptable PM2.5 AQI & Speciation Mass","41940","San Jose-Sunnyvale-Santa Clara, CA","06","California","069","San Benito","36.48324","-121.15688"
"12/08/1999","060690003","1","4.3","ug/m3 LC","18","1","100.0000","88502","Acceptable PM2.5 AQI & Speciation Mass","41940","San Jose-Sunnyvale-Santa Clara, CA","06","California","069","San Benito","36.48324","-121.15688"
"12/11/1999","060690003","1","2.7","ug/m3 LC","11","1","100.0000","88502","Acceptable PM2.5 AQI & Speciation Mass","41940","San Jose-Sunnyvale-Santa Clara, CA","06","California","069","San Benito","36.48324","-121.15688"
"12/15/1999","060690003","1","4.4","ug/m3 LC","18","1","100.0000","88502","Acceptable PM2.5 AQI & Speciation Mass","41940","San Jose-Sunnyvale-Santa Clara, CA","06","California","069","San Benito","36.48324","-121.15688"
"12/18/1999","060690003","1","6.8","ug/m3 LC","28","1","100.0000","88502","Acceptable PM2.5 AQI & Speciation Mass","41940","San Jose-Sunnyvale-Santa Clara, CA","06","California","069","San Benito","36.48324","-121.15688"
"12/22/1999","060690003","1","5.1","ug/m3 LC","21","1","100.0000","88502","Acceptable PM2.5 AQI & Speciation Mass","41940","San Jose-Sunnyvale-Santa Clara, CA","06","California","069","San Benito","36.48324","-121.15688"
"12/25/1999","060690003","1","3.7","ug/m3 LC","15","1","100.0000","88502","Acceptable PM2.5 AQI & Speciation Mass","41940","San Jose-Sunnyvale-Santa Clara, CA","06","California","069","San Benito","36.48324","-121.15688"
"12/29/1999","060690003","1","4.8","ug/m3 LC","20","1","100.0000","88502","Acceptable PM2.5 AQI & Speciation Mass","41940","San Jose-Sunnyvale-Santa Clara, CA","06","California","069","San Benito","36.48324","-121.15688"
"03/01/1999","060850004","1","2.6","ug/m3 LC","11","1","100.0000","88101","PM2.5 - Local Conditions","41940","San Jose-Sunnyvale-Santa Clara, CA","06","California","085","Santa Clara","37.339666","-121.888575"
"04/12/1999","060850004","1","8.2","ug/m3 LC","34","1","100.0000","88101","PM2.5 - Local Conditions","41940","San Jose-Sunnyvale-Santa Clara, CA","06","California","085","Santa Clara","37.339666","-121.888575"
"04/18/1999","060850004","1","7.9","ug/m3 LC","33","1","100.0000","88101","PM2.5 - Local Conditions","41940","San Jose-Sunnyvale-Santa Clara, CA","06","California","085","Santa Clara","37.339666","-121.888575"
"04/25/1999","060850004","1","9.6","ug/m3 LC","40","1","100.0000","88101","PM2.5 - Local Conditions","41940","San Jose-Sunnyvale-Santa Clara, CA","06","California","085","Santa Clara","37.339666","-121.888575"
"04/30/1999","060850004","1","15.5","ug/m3 LC","58","1","100.0000","88101","PM2.5 - Local Conditions","41940","San Jose-Sunnyvale-Santa Clara, CA","06","California","085","Santa Clara","37.339666","-121.888575"
"05/06/1999","060850004","1","8.4","ug/m3 LC","35","1","100.0000","88101","PM2.5 - Local Conditions","41940","San Jose-Sunnyvale-Santa Clara, CA","06","California","085","Santa Clara","37.339666","-121.888575"
"05/12/1999","060850004","1","7.9","ug/m3 LC","33","1","100.0000","88101","PM2.5 - Local Conditions","41940","San Jose-Sunnyvale-Santa Clara, CA","06","California","085","Santa Clara","37.339666","-121.888575"
"05/18/1999","060850004","1","5","ug/m3 LC","21","1","100.0000","88101","PM2.5 - Local Conditions","41940","San Jose-Sunnyvale-Santa Clara, CA","06","California","085","Santa Clara","37.339666","-121.888575"
"05/24/1999","060850004","1","7.2","ug/m3 LC","30","1","100.0000","88101","PM2.5 - Local Conditions","41940","San Jose-Sunnyvale-Santa Clara, CA","06","California","085","Santa Clara","37.339666","-121.888575"
"05/30/1999","060850004","1","7.5","ug/m3 LC","31","1","100.0000","88101","PM2.5 - Local Conditions","41940","San Jose-Sunnyvale-Santa Clara, CA","06","California","085","Santa Clara","37.339666","-121.888575"
"06/05/1999","060850004","1","5.7","ug/m3 LC","24","1","100.0000","88101","PM2.5 - Local Conditions","41940","San Jose-Sunnyvale-Santa Clara, CA","06","California","085","Santa Clara","37.339666","-121.888575"
"06/11/1999","060850004","1","7.5","ug/m3 LC","31","1","100.0000","88101","PM2.5 - Local Conditions","41940","San Jose-Sunnyvale-Santa Clara, CA","06","California","085","Santa Clara","37.339666","-121.888575"
"06/17/1999","060850004","1","9.9","ug/m3 LC","41","1","100.0000","88101","PM2.5 - Local Conditions","41940","San Jose-Sunnyvale-Santa Clara, CA","06","California","085","Santa Clara","37.339666","-121.888575"
"06/23/1999","060850004","1","9.5","ug/m3 LC","40","1","100.0000","88101","PM2.5 - Local Conditions","41940","San Jose-Sunnyvale-Santa Clara, CA","06","California","085","Santa Clara","37.339666","-121.888575"
"06/29/1999","060850004","1","13.2","ug/m3 LC","53","1","100.0000","88101","PM2.5 - Local Conditions","41940","San Jose-Sunnyvale-Santa Clara, CA","06","California","085","Santa Clara","37.339666","-121.888575"
"07/05/1999","060850004","1","13.5","ug/m3 LC","54","1","100.0000","88101","PM2.5 - Local Conditions","41940","San Jose-Sunnyvale-Santa Clara, CA","06","California","085","Santa Clara","37.339666","-121.888575"
"07/11/1999","060850004","1","16.4","ug/m3 LC","60","1","100.0000","88101","PM2.5 - Local Conditions","41940","San Jose-Sunnyvale-Santa Clara, CA","06","California","085","Santa Clara","37.339666","-121.888575"
"07/17/1999","060850004","1","8.7","ug/m3 LC","36","1","100.0000","88101","PM2.5 - Local Conditions","41940","San Jose-Sunnyvale-Santa Clara, CA","06","California","085","Santa Clara","37.339666","-121.888575"
"07/23/1999","060850004","1","9.8","ug/m3 LC","41","1","100.0000","88101","PM2.5 - Local Conditions","41940","San Jose-Sunnyvale-Santa Clara, CA","06","California","085","Santa Clara","37.339666","-121.888575"
"07/29/1999","060850004","1","6","ug/m3 LC","25","1","100.0000","88101","PM2.5 - Local Conditions","41940","San Jose-Sunnyvale-Santa Clara, CA","06","California","085","Santa Clara","37.339666","-121.888575"
"08/04/1999","060850004","1","6.3","ug/m3 LC","26","1","100.0000","88101","PM2.5 - Local Conditions","41940","San Jose-Sunnyvale-Santa Clara, CA","06","California","085","Santa Clara","37.339666","-121.888575"
"08/10/1999","060850004","1","5.4","ug/m3 LC","23","1","100.0000","88101","PM2.5 - Local Conditions","41940","San Jose-Sunnyvale-Santa Clara, CA","06","California","085","Santa Clara","37.339666","-121.888575"
"08/16/1999","060850004","1","10.6","ug/m3 LC","44","1","100.0000","88101","PM2.5 - Local Conditions","41940","San Jose-Sunnyvale-Santa Clara, CA","06","California","085","Santa Clara","37.339666","-121.888575"
"08/22/1999","060850004","1","12.6","ug/m3 LC","52","1","100.0000","88101","PM2.5 - Local Conditions","41940","San Jose-Sunnyvale-Santa Clara, CA","06","California","085","Santa Clara","37.339666","-121.888575"
"08/28/1999","060850004","1","15.4","ug/m3 LC","58","1","100.0000","88101","PM2.5 - Local Conditions","41940","San Jose-Sunnyvale-Santa Clara, CA","06","California","085","Santa Clara","37.339666","-121.888575"
"09/03/1999","060850004","1","11.7","ug/m3 LC","49","1","100.0000","88101","PM2.5 - Local Conditions","41940","San Jose-Sunnyvale-Santa Clara, CA","06","California","085","Santa Clara","37.339666","-121.888575"
"09/09/1999","060850004","1","9.9","ug/m3 LC","41","1","100.0000","88101","PM2.5 - Local Conditions","41940","San Jose-Sunnyvale-Santa Clara, CA","06","California","085","Santa Clara","37.339666","-121.888575"
"09/15/1999","060850004","1","24.8","ug/m3 LC","78","1","100.0000","88101","PM2.5 - Local Conditions","41940","San Jose-Sunnyvale-Santa Clara, CA","06","California","085","Santa Clara","37.339666","-121.888575"
"09/21/1999","060850004","1","24.2","ug/m3 LC","76","1","100.0000","88101","PM2.5 - Local Conditions","41940","San Jose-Sunnyvale-Santa Clara, CA","06","California","085","Santa Clara","37.339666","-121.888575"
"09/27/1999","060850004","1","17","ug/m3 LC","61","1","100.0000","88101","PM2.5 - Local Conditions","41940","San Jose-Sunnyvale-Santa Clara, CA","06","California","085","Santa Clara","37.339666","-121.888575"
"10/01/1999","060850004","1","27.5","ug/m3 LC","83","1","100.0000","88101","PM2.5 - Local Conditions","41940","San Jose-Sunnyvale-Santa Clara, CA","06","California","085","Santa Clara","37.339666","-121.888575"
"10/02/1999","060850004","1","22.6","ug/m3 LC","73","1","100.0000","88101","PM2.5 - Local Conditions","41940","San Jose-Sunnyvale-Santa Clara, CA","06","California","085","Santa Clara","37.339666","-121.888575"
"10/03/1999","060850004","1","18.3","ug/m3 LC","64","1","100.0000","88101","PM2.5 - Local Conditions","41940","San Jose-Sunnyvale-Santa Clara, CA","06","California","085","Santa Clara","37.339666","-121.888575"
"10/04/1999","060850004","1","15.6","ug/m3 LC","58","1","100.0000","88101","PM2.5 - Local Conditions","41940","San Jose-Sunnyvale-Santa Clara, CA","06","California","085","Santa Clara","37.339666","-121.888575"
"10/05/1999","060850004","1","8","ug/m3 LC","33","1","100.0000","88101","PM2.5 - Local Conditions","41940","San Jose-Sunnyvale-Santa Clara, CA","06","California","085","Santa Clara","37.339666","-121.888575"
"10/06/1999","060850004","1","7","ug/m3 LC","29","1","100.0000","88101","PM2.5 - Local Conditions","41940","San Jose-Sunnyvale-Santa Clara, CA","06","California","085","Santa Clara","37.339666","-121.888575"
"10/07/1999","060850004","1","10.9","ug/m3 LC","45","1","100.0000","88101","PM2.5 - Local Conditions","41940","San Jose-Sunnyvale-Santa Clara, CA","06","California","085","Santa Clara","37.339666","-121.888575"
"10/08/1999","060850004","1","15.4","ug/m3 LC","58","1","100.0000","88101","PM2.5 - Local Conditions","41940","San Jose-Sunnyvale-Santa Clara, CA","06","California","085","Santa Clara","37.339666","-121.888575"
"10/09/1999","060850004","1","16.5","ug/m3 LC","60","1","100.0000","88101","PM2.5 - Local Conditions","41940","San Jose-Sunnyvale-Santa Clara, CA","06","California","085","Santa Clara","37.339666","-121.888575"
"10/10/1999","060850004","1","18.1","ug/m3 LC","64","1","100.0000","88101","PM2.5 - Local Conditions","41940","San Jose-Sunnyvale-Santa Clara, CA","06","California","085","Santa Clara","37.339666","-121.888575"
"10/11/1999","060850004","1","20.7","ug/m3 LC","69","1","100.0000","88101","PM2.5 - Local Conditions","41940","San Jose-Sunnyvale-Santa Clara, CA","06","California","085","Santa Clara","37.339666","-121.888575"
"10/12/1999","060850004","1","30.9","ug/m3 LC","91","1","100.0000","88101","PM2.5 - Local Conditions","41940","San Jose-Sunnyvale-Santa Clara, CA","06","California","085","Santa Clara","37.339666","-121.888575"
"10/15/1999","060850004","1","17.3","ug/m3 LC","62","1","100.0000","88101","PM2.5 - Local Conditions","41940","San Jose-Sunnyvale-Santa Clara, CA","06","California","085","Santa Clara","37.339666","-121.888575"
"10/16/1999","060850004","1","44.8","ug/m3 LC","124","1","100.0000","88101","PM2.5 - Local Conditions","41940","San Jose-Sunnyvale-Santa Clara, CA","06","California","085","Santa Clara","37.339666","-121.888575"
"10/17/1999","060850004","1","46.2","ug/m3 LC","127","1","100.0000","88101","PM2.5 - Local Conditions","41940","San Jose-Sunnyvale-Santa Clara, CA","06","California","085","Santa Clara","37.339666","-121.888575"
"10/18/1999","060850004","1","28.3","ug/m3 LC","85","1","100.0000","88101","PM2.5 - Local Conditions","41940","San Jose-Sunnyvale-Santa Clara, CA","06","California","085","Santa Clara","37.339666","-121.888575"
"10/19/1999","060850004","1","41.9","ug/m3 LC","117","1","100.0000","88101","PM2.5 - Local Conditions","41940","San Jose-Sunnyvale-Santa Clara, CA","06","California","085","Santa Clara","37.339666","-121.888575"
"10/20/1999","060850004","1","62.7","ug/m3 LC","155","1","100.0000","88101","PM2.5 - Local Conditions","41940","San Jose-Sunnyvale-Santa Clara, CA","06","California","085","Santa Clara","37.339666","-121.888575"
"10/21/1999","060850004","1","69.3","ug/m3 LC","158","1","100.0000","88101","PM2.5 - Local Conditions","41940","San Jose-Sunnyvale-Santa Clara, CA","06","California","085","Santa Clara","37.339666","-121.888575"
"10/22/1999","060850004","1","54.8","ug/m3 LC","149","1","100.0000","88101","PM2.5 - Local Conditions","41940","San Jose-Sunnyvale-Santa Clara, CA","06","California","085","Santa Clara","37.339666","-121.888575"
"10/23/1999","060850004","1","49.2","ug/m3 LC","135","1","100.0000","88101","PM2.5 - Local Conditions","41940","San Jose-Sunnyvale-Santa Clara, CA","06","California","085","Santa Clara","37.339666","-121.888575"
"10/24/1999","060850004","1","20","ug/m3 LC","68","1","100.0000","88101","PM2.5 - Local Conditions","41940","San Jose-Sunnyvale-Santa Clara, CA","06","California","085","Santa Clara","37.339666","-121.888575"
"10/25/1999","060850004","1","20.6","ug/m3 LC","69","1","100.0000","88101","PM2.5 - Local Conditions","41940","San Jose-Sunnyvale-Santa Clara, CA","06","California","085","Santa Clara","37.339666","-121.888575"
"10/26/1999","060850004","1","15.4","ug/m3 LC","58","1","100.0000","88101","PM2.5 - Local Conditions","41940","San Jose-Sunnyvale-Santa Clara, CA","06","California","085","Santa Clara","37.339666","-121.888575"
"10/27/1999","060850004","1","6.6","ug/m3 LC","28","1","100.0000","88101","PM2.5 - Local Conditions","41940","San Jose-Sunnyvale-Santa Clara, CA","06","California","085","Santa Clara","37.339666","-121.888575"
"10/28/1999","060850004","1","10","ug/m3 LC","42","1","100.0000","88101","PM2.5 - Local Conditions","41940","San Jose-Sunnyvale-Santa Clara, CA","06","California","085","Santa Clara","37.339666","-121.888575"
"10/29/1999","060850004","1","13.6","ug/m3 LC","54","1","100.0000","88101","PM2.5 - Local Conditions","41940","San Jose-Sunnyvale-Santa Clara, CA","06","California","085","Santa Clara","37.339666","-121.888575"
"10/30/1999","060850004","1","18.6","ug/m3 LC","65","1","100.0000","88101","PM2.5 - Local Conditions","41940","San Jose-Sunnyvale-Santa Clara, CA","06","California","085","Santa Clara","37.339666","-121.888575"
"10/31/1999","060850004","1","29.6","ug/m3 LC","88","1","100.0000","88101","PM2.5 - Local Conditions","41940","San Jose-Sunnyvale-Santa Clara, CA","06","California","085","Santa Clara","37.339666","-121.888575"
"11/01/1999","060850004","1","22.5","ug/m3 LC","73","1","100.0000","88101","PM2.5 - Local Conditions","41940","San Jose-Sunnyvale-Santa Clara, CA","06","California","085","Santa Clara","37.339666","-121.888575"
"11/02/1999","060850004","1","19.3","ug/m3 LC","66","1","100.0000","88101","PM2.5 - Local Conditions","41940","San Jose-Sunnyvale-Santa Clara, CA","06","California","085","Santa Clara","37.339666","-121.888575"
"11/03/1999","060850004","1","29","ug/m3 LC","87","1","100.0000","88101","PM2.5 - Local Conditions","41940","San Jose-Sunnyvale-Santa Clara, CA","06","California","085","Santa Clara","37.339666","-121.888575"
"11/04/1999","060850004","1","33.3","ug/m3 LC","96","1","100.0000","88101","PM2.5 - Local Conditions","41940","San Jose-Sunnyvale-Santa Clara, CA","06","California","085","Santa Clara","37.339666","-121.888575"
"11/05/1999","060850004","1","26.8","ug/m3 LC","82","1","100.0000","88101","PM2.5 - Local Conditions","41940","San Jose-Sunnyvale-Santa Clara, CA","06","California","085","Santa Clara","37.339666","-121.888575"
"11/06/1999","060850004","1","19.3","ug/m3 LC","66","1","100.0000","88101","PM2.5 - Local Conditions","41940","San Jose-Sunnyvale-Santa Clara, CA","06","California","085","Santa Clara","37.339666","-121.888575"
"11/07/1999","060850004","1","4.4","ug/m3 LC","18","1","100.0000","88101","PM2.5 - Local Conditions","41940","San Jose-Sunnyvale-Santa Clara, CA","06","California","085","Santa Clara","37.339666","-121.888575"
"11/08/1999","060850004","1","8","ug/m3 LC","33","1","100.0000","88101","PM2.5 - Local Conditions","41940","San Jose-Sunnyvale-Santa Clara, CA","06","California","085","Santa Clara","37.339666","-121.888575"
"11/09/1999","060850004","1","10.9","ug/m3 LC","45","1","100.0000","88101","PM2.5 - Local Conditions","41940","San Jose-Sunnyvale-Santa Clara, CA","06","California","085","Santa Clara","37.339666","-121.888575"
"11/10/1999","060850004","1","6.5","ug/m3 LC","27","1","100.0000","88101","PM2.5 - Local Conditions","41940","San Jose-Sunnyvale-Santa Clara, CA","06","California","085","Santa Clara","37.339666","-121.888575"
"11/11/1999","060850004","1","12.2","ug/m3 LC","51","1","100.0000","88101","PM2.5 - Local Conditions","41940","San Jose-Sunnyvale-Santa Clara, CA","06","California","085","Santa Clara","37.339666","-121.888575"
"11/12/1999","060850004","1","31.1","ug/m3 LC","91","1","100.0000","88101","PM2.5 - Local Conditions","41940","San Jose-Sunnyvale-Santa Clara, CA","06","California","085","Santa Clara","37.339666","-121.888575"
"11/13/1999","060850004","1","38.6","ug/m3 LC","109","1","100.0000","88101","PM2.5 - Local Conditions","41940","San Jose-Sunnyvale-Santa Clara, CA","06","California","085","Santa Clara","37.339666","-121.888575"
"11/14/1999","060850004","1","29.1","ug/m3 LC","87","1","100.0000","88101","PM2.5 - Local Conditions","41940","San Jose-Sunnyvale-Santa Clara, CA","06","California","085","Santa Clara","37.339666","-121.888575"
"11/15/1999","060850004","1","6.8","ug/m3 LC","28","1","100.0000","88101","PM2.5 - Local Conditions","41940","San Jose-Sunnyvale-Santa Clara, CA","06","California","085","Santa Clara","37.339666","-121.888575"
"11/16/1999","060850004","1","5.3","ug/m3 LC","22","1","100.0000","88101","PM2.5 - Local Conditions","41940","San Jose-Sunnyvale-Santa Clara, CA","06","California","085","Santa Clara","37.339666","-121.888575"
"11/18/1999","060850004","1","11.1","ug/m3 LC","46","1","100.0000","88101","PM2.5 - Local Conditions","41940","San Jose-Sunnyvale-Santa Clara, CA","06","California","085","Santa Clara","37.339666","-121.888575"
"11/19/1999","060850004","1","8.1","ug/m3 LC","34","1","100.0000","88101","PM2.5 - Local Conditions","41940","San Jose-Sunnyvale-Santa Clara, CA","06","California","085","Santa Clara","37.339666","-121.888575"
"11/20/1999","060850004","1","11.2","ug/m3 LC","47","1","100.0000","88101","PM2.5 - Local Conditions","41940","San Jose-Sunnyvale-Santa Clara, CA","06","California","085","Santa Clara","37.339666","-121.888575"
"11/21/1999","060850004","1","8","ug/m3 LC","33","1","100.0000","88101","PM2.5 - Local Conditions","41940","San Jose-Sunnyvale-Santa Clara, CA","06","California","085","Santa Clara","37.339666","-121.888575"
"11/23/1999","060850004","1","18.2","ug/m3 LC","64","1","100.0000","88101","PM2.5 - Local Conditions","41940","San Jose-Sunnyvale-Santa Clara, CA","06","California","085","Santa Clara","37.339666","-121.888575"
"11/25/1999","060850004","1","30.6","ug/m3 LC","90","1","100.0000","88101","PM2.5 - Local Conditions","41940","San Jose-Sunnyvale-Santa Clara, CA","06","California","085","Santa Clara","37.339666","-121.888575"
"11/26/1999","060850004","1","16","ug/m3 LC","59","1","100.0000","88101","PM2.5 - Local Conditions","41940","San Jose-Sunnyvale-Santa Clara, CA","06","California","085","Santa Clara","37.339666","-121.888575"
"11/27/1999","060850004","1","12.5","ug/m3 LC","52","1","100.0000","88101","PM2.5 - Local Conditions","41940","San Jose-Sunnyvale-Santa Clara, CA","06","California","085","Santa Clara","37.339666","-121.888575"
"11/28/1999","060850004","1","33.8","ug/m3 LC","97","1","100.0000","88101","PM2.5 - Local Conditions","41940","San Jose-Sunnyvale-Santa Clara, CA","06","California","085","Santa Clara","37.339666","-121.888575"
"11/29/1999","060850004","1","16.8","ug/m3 LC","61","1","100.0000","88101","PM2.5 - Local Conditions","41940","San Jose-Sunnyvale-Santa Clara, CA","06","California","085","Santa Clara","37.339666","-121.888575"
"11/30/1999","060850004","1","4.2","ug/m3 LC","18","1","100.0000","88101","PM2.5 - Local Conditions","41940","San Jose-Sunnyvale-Santa Clara, CA","06","California","085","Santa Clara","37.339666","-121.888575"
"12/01/1999","060850004","1","10.9","ug/m3 LC","45","1","100.0000","88101","PM2.5 - Local Conditions","41940","San Jose-Sunnyvale-Santa Clara, CA","06","California","085","Santa Clara","37.339666","-121.888575"
"12/03/1999","060850004","1","7.8","ug/m3 LC","33","1","100.0000","88101","PM2.5 - Local Conditions","41940","San Jose-Sunnyvale-Santa Clara, CA","06","California","085","Santa Clara","37.339666","-121.888575"
"12/04/1999","060850004","1","21.5","ug/m3 LC","71","1","100.0000","88101","PM2.5 - Local Conditions","41940","San Jose-Sunnyvale-Santa Clara, CA","06","California","085","Santa Clara","37.339666","-121.888575"
"12/05/1999","060850004","1","44.4","ug/m3 LC","123","1","100.0000","88101","PM2.5 - Local Conditions","41940","San Jose-Sunnyvale-Santa Clara, CA","06","California","085","Santa Clara","37.339666","-121.888575"
"12/06/1999","060850004","1","31","ug/m3 LC","91","1","100.0000","88101","PM2.5 - Local Conditions","41940","San Jose-Sunnyvale-Santa Clara, CA","06","California","085","Santa Clara","37.339666","-121.888575"
"12/07/1999","060850004","1","11.5","ug/m3 LC","48","1","100.0000","88101","PM2.5 - Local Conditions","41940","San Jose-Sunnyvale-Santa Clara, CA","06","California","085","Santa Clara","37.339666","-121.888575"
"12/08/1999","060850004","1","18.1","ug/m3 LC","64","1","100.0000","88101","PM2.5 - Local Conditions","41940","San Jose-Sunnyvale-Santa Clara, CA","06","California","085","Santa Clara","37.339666","-121.888575"
"12/09/1999","060850004","1","6.5","ug/m3 LC","27","1","100.0000","88101","PM2.5 - Local Conditions","41940","San Jose-Sunnyvale-Santa Clara, CA","06","California","085","Santa Clara","37.339666","-121.888575"
"12/10/1999","060850004","1","9.2","ug/m3 LC","38","1","100.0000","88101","PM2.5 - Local Conditions","41940","San Jose-Sunnyvale-Santa Clara, CA","06","California","085","Santa Clara","37.339666","-121.888575"
"12/11/1999","060850004","1","14.7","ug/m3 LC","56","1","100.0000","88101","PM2.5 - Local Conditions","41940","San Jose-Sunnyvale-Santa Clara, CA","06","California","085","Santa Clara","37.339666","-121.888575"
"12/12/1999","060850004","1","22.9","ug/m3 LC","74","1","100.0000","88101","PM2.5 - Local Conditions","41940","San Jose-Sunnyvale-Santa Clara, CA","06","California","085","Santa Clara","37.339666","-121.888575"
"12/13/1999","060850004","1","14.3","ug/m3 LC","56","1","100.0000","88101","PM2.5 - Local Conditions","41940","San Jose-Sunnyvale-Santa Clara, CA","06","California","085","Santa Clara","37.339666","-121.888575"
"12/14/1999","060850004","1","20.6","ug/m3 LC","69","1","100.0000","88101","PM2.5 - Local Conditions","41940","San Jose-Sunnyvale-Santa Clara, CA","06","California","085","Santa Clara","37.339666","-121.888575"
"12/15/1999","060850004","1","36.4","ug/m3 LC","103","1","100.0000","88101","PM2.5 - Local Conditions","41940","San Jose-Sunnyvale-Santa Clara, CA","06","California","085","Santa Clara","37.339666","-121.888575"
"12/16/1999","060850004","1","43.2","ug/m3 LC","120","1","100.0000","88101","PM2.5 - Local Conditions","41940","San Jose-Sunnyvale-Santa Clara, CA","06","California","085","Santa Clara","37.339666","-121.888575"
"12/17/1999","060850004","1","40.6","ug/m3 LC","114","1","100.0000","88101","PM2.5 - Local Conditions","41940","San Jose-Sunnyvale-Santa Clara, CA","06","California","085","Santa Clara","37.339666","-121.888575"
"12/18/1999","060850004","1","45.3","ug/m3 LC","125","1","100.0000","88101","PM2.5 - Local Conditions","41940","San Jose-Sunnyvale-Santa Clara, CA","06","California","085","Santa Clara","37.339666","-121.888575"
"12/19/1999","060850004","1","10.6","ug/m3 LC","44","1","100.0000","88101","PM2.5 - Local Conditions","41940","San Jose-Sunnyvale-Santa Clara, CA","06","California","085","Santa Clara","37.339666","-121.888575"
"12/20/1999","060850004","1","10.9","ug/m3 LC","45","1","100.0000","88101","PM2.5 - Local Conditions","41940","San Jose-Sunnyvale-Santa Clara, CA","06","California","085","Santa Clara","37.339666","-121.888575"
"12/21/1999","060850004","1","17.5","ug/m3 LC","62","1","100.0000","88101","PM2.5 - Local Conditions","41940","San Jose-Sunnyvale-Santa Clara, CA","06","California","085","Santa Clara","37.339666","-121.888575"
"12/22/1999","060850004","1","21.2","ug/m3 LC","70","1","100.0000","88101","PM2.5 - Local Conditions","41940","San Jose-Sunnyvale-Santa Clara, CA","06","California","085","Santa Clara","37.339666","-121.888575"
"12/23/1999","060850004","1","28.7","ug/m3 LC","86","1","100.0000","88101","PM2.5 - Local Conditions","41940","San Jose-Sunnyvale-Santa Clara, CA","06","California","085","Santa Clara","37.339666","-121.888575"
"12/24/1999","060850004","1","51.1","ug/m3 LC","139","1","100.0000","88101","PM2.5 - Local Conditions","41940","San Jose-Sunnyvale-Santa Clara, CA","06","California","085","Santa Clara","37.339666","-121.888575"
"12/25/1999","060850004","1","65.4","ug/m3 LC","156","1","100.0000","88101","PM2.5 - Local Conditions","41940","San Jose-Sunnyvale-Santa Clara, CA","06","California","085","Santa Clara","37.339666","-121.888575"
"12/26/1999","060850004","1","56.9","ug/m3 LC","152","1","100.0000","88101","PM2.5 - Local Conditions","41940","San Jose-Sunnyvale-Santa Clara, CA","06","California","085","Santa Clara","37.339666","-121.888575"
"12/27/1999","060850004","1","70","ug/m3 LC","158","1","100.0000","88101","PM2.5 - Local Conditions","41940","San Jose-Sunnyvale-Santa Clara, CA","06","California","085","Santa Clara","37.339666","-121.888575"
"12/28/1999","060850004","1","52","ug/m3 LC","142","1","100.0000","88101","PM2.5 - Local Conditions","41940","San Jose-Sunnyvale-Santa Clara, CA","06","California","085","Santa Clara","37.339666","-121.888575"
"12/29/1999","060850004","1","39.1","ug/m3 LC","110","1","100.0000","88101","PM2.5 - Local Conditions","41940","San Jose-Sunnyvale-Santa Clara, CA","06","California","085","Santa Clara","37.339666","-121.888575"
"12/30/1999","060850004","1","52.2","ug/m3 LC","142","1","100.0000","88101","PM2.5 - Local Conditions","41940","San Jose-Sunnyvale-Santa Clara, CA","06","California","085","Santa Clara","37.339666","-121.888575"
"12/31/1999","060850004","1","34.1","ug/m3 LC","97","1","100.0000","88101","PM2.5 - Local Conditions","41940","San Jose-Sunnyvale-Santa Clara, CA","06","California","085","Santa Clara","37.339666","-121.888575"
"01/13/1999","060850004","2","26.8","ug/m3 LC","82","1","100.0000","88101","PM2.5 - Local Conditions","41940","San Jose-Sunnyvale-Santa Clara, CA","06","California","085","Santa Clara","37.339666","-121.888575"
"01/15/1999","060850004","2","59.7","ug/m3 LC","153","1","100.0000","88101","PM2.5 - Local Conditions","41940","San Jose-Sunnyvale-Santa Clara, CA","06","California","085","Santa Clara","37.339666","-121.888575"
"01/18/1999","060850004","2","5","ug/m3 LC","21","1","100.0000","88101","PM2.5 - Local Conditions","41940","San Jose-Sunnyvale-Santa Clara, CA","06","California","085","Santa Clara","37.339666","-121.888575"
"01/24/1999","060850004","2","14.3","ug/m3 LC","56","1","100.0000","88101","PM2.5 - Local Conditions","41940","San Jose-Sunnyvale-Santa Clara, CA","06","California","085","Santa Clara","37.339666","-121.888575"
"01/30/1999","060850004","2","20.7","ug/m3 LC","69","1","100.0000","88101","PM2.5 - Local Conditions","41940","San Jose-Sunnyvale-Santa Clara, CA","06","California","085","Santa Clara","37.339666","-121.888575"
"02/05/1999","060850004","2","16.1","ug/m3 LC","59","1","100.0000","88101","PM2.5 - Local Conditions","41940","San Jose-Sunnyvale-Santa Clara, CA","06","California","085","Santa Clara","37.339666","-121.888575"
"02/12/1999","060850004","2","31.7","ug/m3 LC","92","1","100.0000","88101","PM2.5 - Local Conditions","41940","San Jose-Sunnyvale-Santa Clara, CA","06","California","085","Santa Clara","37.339666","-121.888575"
"02/17/1999","060850004","2","8.2","ug/m3 LC","34","1","100.0000","88101","PM2.5 - Local Conditions","41940","San Jose-Sunnyvale-Santa Clara, CA","06","California","085","Santa Clara","37.339666","-121.888575"
"02/23/1999","060850004","2","22.2","ug/m3 LC","72","1","100.0000","88101","PM2.5 - Local Conditions","41940","San Jose-Sunnyvale-Santa Clara, CA","06","California","085","Santa Clara","37.339666","-121.888575"
"03/01/1999","060850004","2","9.3","ug/m3 LC","39","1","100.0000","88101","PM2.5 - Local Conditions","41940","San Jose-Sunnyvale-Santa Clara, CA","06","California","085","Santa Clara","37.339666","-121.888575"
"03/07/1999","060850004","2","16.6","ug/m3 LC","60","1","100.0000","88101","PM2.5 - Local Conditions","41940","San Jose-Sunnyvale-Santa Clara, CA","06","California","085","Santa Clara","37.339666","-121.888575"
"03/13/1999","060850004","2","19.7","ug/m3 LC","67","1","100.0000","88101","PM2.5 - Local Conditions","41940","San Jose-Sunnyvale-Santa Clara, CA","06","California","085","Santa Clara","37.339666","-121.888575"
"03/19/1999","060850004","2","6.3","ug/m3 LC","26","1","100.0000","88101","PM2.5 - Local Conditions","41940","San Jose-Sunnyvale-Santa Clara, CA","06","California","085","Santa Clara","37.339666","-121.888575"
"03/25/1999","060850004","2","7.7","ug/m3 LC","32","1","100.0000","88101","PM2.5 - Local Conditions","41940","San Jose-Sunnyvale-Santa Clara, CA","06","California","085","Santa Clara","37.339666","-121.888575"
"04/12/1999","060850004","2","8.9","ug/m3 LC","37","1","100.0000","88101","PM2.5 - Local Conditions","41940","San Jose-Sunnyvale-Santa Clara, CA","06","California","085","Santa Clara","37.339666","-121.888575"
"04/18/1999","060850004","2","10.1","ug/m3 LC","42","1","100.0000","88101","PM2.5 - Local Conditions","41940","San Jose-Sunnyvale-Santa Clara, CA","06","California","085","Santa Clara","37.339666","-121.888575"
"04/25/1999","060850004","2","10.1","ug/m3 LC","42","1","100.0000","88101","PM2.5 - Local Conditions","41940","San Jose-Sunnyvale-Santa Clara, CA","06","California","085","Santa Clara","37.339666","-121.888575"
"04/30/1999","060850004","2","15.9","ug/m3 LC","59","1","100.0000","88101","PM2.5 - Local Conditions","41940","San Jose-Sunnyvale-Santa Clara, CA","06","California","085","Santa Clara","37.339666","-121.888575"
"05/06/1999","060850004","2","8.7","ug/m3 LC","36","1","100.0000","88101","PM2.5 - Local Conditions","41940","San Jose-Sunnyvale-Santa Clara, CA","06","California","085","Santa Clara","37.339666","-121.888575"
"05/12/1999","060850004","2","8.4","ug/m3 LC","35","1","100.0000","88101","PM2.5 - Local Conditions","41940","San Jose-Sunnyvale-Santa Clara, CA","06","California","085","Santa Clara","37.339666","-121.888575"
"05/18/1999","060850004","2","4.9","ug/m3 LC","20","1","100.0000","88101","PM2.5 - Local Conditions","41940","San Jose-Sunnyvale-Santa Clara, CA","06","California","085","Santa Clara","37.339666","-121.888575"
"05/24/1999","060850004","2","9.1","ug/m3 LC","38","1","100.0000","88101","PM2.5 - Local Conditions","41940","San Jose-Sunnyvale-Santa Clara, CA","06","California","085","Santa Clara","37.339666","-121.888575"
"05/30/1999","060850004","2","8.5","ug/m3 LC","35","1","100.0000","88101","PM2.5 - Local Conditions","41940","San Jose-Sunnyvale-Santa Clara, CA","06","California","085","Santa Clara","37.339666","-121.888575"
"06/11/1999","060850004","2","6.9","ug/m3 LC","29","1","100.0000","88101","PM2.5 - Local Conditions","41940","San Jose-Sunnyvale-Santa Clara, CA","06","California","085","Santa Clara","37.339666","-121.888575"
"06/17/1999","060850004","2","9.9","ug/m3 LC","41","1","100.0000","88101","PM2.5 - Local Conditions","41940","San Jose-Sunnyvale-Santa Clara, CA","06","California","085","Santa Clara","37.339666","-121.888575"
"06/23/1999","060850004","2","11.2","ug/m3 LC","47","1","100.0000","88101","PM2.5 - Local Conditions","41940","San Jose-Sunnyvale-Santa Clara, CA","06","California","085","Santa Clara","37.339666","-121.888575"
"07/05/1999","060850004","2","14.9","ug/m3 LC","57","1","100.0000","88101","PM2.5 - Local Conditions","41940","San Jose-Sunnyvale-Santa Clara, CA","06","California","085","Santa Clara","37.339666","-121.888575"
"07/11/1999","060850004","2","18.9","ug/m3 LC","65","1","100.0000","88101","PM2.5 - Local Conditions","41940","San Jose-Sunnyvale-Santa Clara, CA","06","California","085","Santa Clara","37.339666","-121.888575"
"07/23/1999","060850004","2","9.7","ug/m3 LC","40","1","100.0000","88101","PM2.5 - Local Conditions","41940","San Jose-Sunnyvale-Santa Clara, CA","06","California","085","Santa Clara","37.339666","-121.888575"
"07/29/1999","060850004","2","6.3","ug/m3 LC","26","1","100.0000","88101","PM2.5 - Local Conditions","41940","San Jose-Sunnyvale-Santa Clara, CA","06","California","085","Santa Clara","37.339666","-121.888575"
"08/04/1999","060850004","2","6.4","ug/m3 LC","27","1","100.0000","88101","PM2.5 - Local Conditions","41940","San Jose-Sunnyvale-Santa Clara, CA","06","California","085","Santa Clara","37.339666","-121.888575"
"08/10/1999","060850004","2","5.5","ug/m3 LC","23","1","100.0000","88101","PM2.5 - Local Conditions","41940","San Jose-Sunnyvale-Santa Clara, CA","06","California","085","Santa Clara","37.339666","-121.888575"
"08/16/1999","060850004","2","10.3","ug/m3 LC","43","1","100.0000","88101","PM2.5 - Local Conditions","41940","San Jose-Sunnyvale-Santa Clara, CA","06","California","085","Santa Clara","37.339666","-121.888575"
"08/22/1999","060850004","2","12.3","ug/m3 LC","51","1","100.0000","88101","PM2.5 - Local Conditions","41940","San Jose-Sunnyvale-Santa Clara, CA","06","California","085","Santa Clara","37.339666","-121.888575"
"08/28/1999","060850004","2","15.6","ug/m3 LC","58","1","100.0000","88101","PM2.5 - Local Conditions","41940","San Jose-Sunnyvale-Santa Clara, CA","06","California","085","Santa Clara","37.339666","-121.888575"
"09/03/1999","060850004","2","12.7","ug/m3 LC","52","1","100.0000","88101","PM2.5 - Local Conditions","41940","San Jose-Sunnyvale-Santa Clara, CA","06","California","085","Santa Clara","37.339666","-121.888575"
"09/09/1999","060850004","2","11.3","ug/m3 LC","47","1","100.0000","88101","PM2.5 - Local Conditions","41940","San Jose-Sunnyvale-Santa Clara, CA","06","California","085","Santa Clara","37.339666","-121.888575"
"09/15/1999","060850004","2","29.7","ug/m3 LC","88","1","100.0000","88101","PM2.5 - Local Conditions","41940","San Jose-Sunnyvale-Santa Clara, CA","06","California","085","Santa Clara","37.339666","-121.888575"
"09/21/1999","060850004","2","25.7","ug/m3 LC","80","1","100.0000","88101","PM2.5 - Local Conditions","41940","San Jose-Sunnyvale-Santa Clara, CA","06","California","085","Santa Clara","37.339666","-121.888575"
"09/27/1999","060850004","2","17.8","ug/m3 LC","63","1","100.0000","88101","PM2.5 - Local Conditions","41940","San Jose-Sunnyvale-Santa Clara, CA","06","California","085","Santa Clara","37.339666","-121.888575"
"10/03/1999","060850004","2","21.4","ug/m3 LC","71","1","100.0000","88101","PM2.5 - Local Conditions","41940","San Jose-Sunnyvale-Santa Clara, CA","06","California","085","Santa Clara","37.339666","-121.888575"
"10/09/1999","060850004","2","17","ug/m3 LC","61","1","100.0000","88101","PM2.5 - Local Conditions","41940","San Jose-Sunnyvale-Santa Clara, CA","06","California","085","Santa Clara","37.339666","-121.888575"
"10/15/1999","060850004","2","17.4","ug/m3 LC","62","1","100.0000","88101","PM2.5 - Local Conditions","41940","San Jose-Sunnyvale-Santa Clara, CA","06","California","085","Santa Clara","37.339666","-121.888575"
"10/21/1999","060850004","2","70.2","ug/m3 LC","159","1","100.0000","88101","PM2.5 - Local Conditions","41940","San Jose-Sunnyvale-Santa Clara, CA","06","California","085","Santa Clara","37.339666","-121.888575"
"10/27/1999","060850004","2","6.7","ug/m3 LC","28","1","100.0000","88101","PM2.5 - Local Conditions","41940","San Jose-Sunnyvale-Santa Clara, CA","06","California","085","Santa Clara","37.339666","-121.888575"
"11/02/1999","060850004","2","19.9","ug/m3 LC","67","1","100.0000","88101","PM2.5 - Local Conditions","41940","San Jose-Sunnyvale-Santa Clara, CA","06","California","085","Santa Clara","37.339666","-121.888575"
"11/08/1999","060850004","2","8.3","ug/m3 LC","35","1","100.0000","88101","PM2.5 - Local Conditions","41940","San Jose-Sunnyvale-Santa Clara, CA","06","California","085","Santa Clara","37.339666","-121.888575"
"11/14/1999","060850004","2","29.3","ug/m3 LC","87","1","100.0000","88101","PM2.5 - Local Conditions","41940","San Jose-Sunnyvale-Santa Clara, CA","06","California","085","Santa Clara","37.339666","-121.888575"
"11/20/1999","060850004","2","11.8","ug/m3 LC","49","1","100.0000","88101","PM2.5 - Local Conditions","41940","San Jose-Sunnyvale-Santa Clara, CA","06","California","085","Santa Clara","37.339666","-121.888575"
"11/26/1999","060850004","2","16.5","ug/m3 LC","60","1","100.0000","88101","PM2.5 - Local Conditions","41940","San Jose-Sunnyvale-Santa Clara, CA","06","California","085","Santa Clara","37.339666","-121.888575"
"12/02/1999","060850004","2","14.2","ug/m3 LC","55","1","100.0000","88101","PM2.5 - Local Conditions","41940","San Jose-Sunnyvale-Santa Clara, CA","06","California","085","Santa Clara","37.339666","-121.888575"
"12/08/1999","060850004","2","19","ug/m3 LC","66","1","100.0000","88101","PM2.5 - Local Conditions","41940","San Jose-Sunnyvale-Santa Clara, CA","06","California","085","Santa Clara","37.339666","-121.888575"
"12/14/1999","060850004","2","21.5","ug/m3 LC","71","1","100.0000","88101","PM2.5 - Local Conditions","41940","San Jose-Sunnyvale-Santa Clara, CA","06","California","085","Santa Clara","37.339666","-121.888575"
"12/20/1999","060850004","2","11.4","ug/m3 LC","48","1","100.0000","88101","PM2.5 - Local Conditions","41940","San Jose-Sunnyvale-Santa Clara, CA","06","California","085","Santa Clara","37.339666","-121.888575"
"12/26/1999","060850004","2","58","ug/m3 LC","152","1","100.0000","88101","PM2.5 - Local Conditions","41940","San Jose-Sunnyvale-Santa Clara, CA","06","California","085","Santa Clara","37.339666","-121.888575"
"01/06/1999","060850004","7","63","ug/m3 LC","155","1","100.0000","88502","Acceptable PM2.5 AQI & Speciation Mass","41940","San Jose-Sunnyvale-Santa Clara, CA","06","California","085","Santa Clara","37.339666","-121.888575"
"01/12/1999","060850004","7","31","ug/m3 LC","91","1","100.0000","88502","Acceptable PM2.5 AQI & Speciation Mass","41940","San Jose-Sunnyvale-Santa Clara, CA","06","California","085","Santa Clara","37.339666","-121.888575"
"01/18/1999","060850004","7","3","ug/m3 LC","13","1","100.0000","88502","Acceptable PM2.5 AQI & Speciation Mass","41940","San Jose-Sunnyvale-Santa Clara, CA","06","California","085","Santa Clara","37.339666","-121.888575"
"01/24/1999","060850004","7","13","ug/m3 LC","53","1","100.0000","88502","Acceptable PM2.5 AQI & Speciation Mass","41940","San Jose-Sunnyvale-Santa Clara, CA","06","California","085","Santa Clara","37.339666","-121.888575"
"01/30/1999","060850004","7","18","ug/m3 LC","63","1","100.0000","88502","Acceptable PM2.5 AQI & Speciation Mass","41940","San Jose-Sunnyvale-Santa Clara, CA","06","California","085","Santa Clara","37.339666","-121.888575"
"02/05/1999","060850004","7","13","ug/m3 LC","53","1","100.0000","88502","Acceptable PM2.5 AQI & Speciation Mass","41940","San Jose-Sunnyvale-Santa Clara, CA","06","California","085","Santa Clara","37.339666","-121.888575"
"02/11/1999","060850004","7","14","ug/m3 LC","55","1","100.0000","88502","Acceptable PM2.5 AQI & Speciation Mass","41940","San Jose-Sunnyvale-Santa Clara, CA","06","California","085","Santa Clara","37.339666","-121.888575"
"02/17/1999","060850004","7","8","ug/m3 LC","33","1","100.0000","88502","Acceptable PM2.5 AQI & Speciation Mass","41940","San Jose-Sunnyvale-Santa Clara, CA","06","California","085","Santa Clara","37.339666","-121.888575"
"02/23/1999","060850004","7","12","ug/m3 LC","50","1","100.0000","88502","Acceptable PM2.5 AQI & Speciation Mass","41940","San Jose-Sunnyvale-Santa Clara, CA","06","California","085","Santa Clara","37.339666","-121.888575"
"03/01/1999","060850004","7","7","ug/m3 LC","29","1","100.0000","88502","Acceptable PM2.5 AQI & Speciation Mass","41940","San Jose-Sunnyvale-Santa Clara, CA","06","California","085","Santa Clara","37.339666","-121.888575"
"03/07/1999","060850004","7","10","ug/m3 LC","42","1","100.0000","88502","Acceptable PM2.5 AQI & Speciation Mass","41940","San Jose-Sunnyvale-Santa Clara, CA","06","California","085","Santa Clara","37.339666","-121.888575"
"03/19/1999","060850004","7","5","ug/m3 LC","21","1","100.0000","88502","Acceptable PM2.5 AQI & Speciation Mass","41940","San Jose-Sunnyvale-Santa Clara, CA","06","California","085","Santa Clara","37.339666","-121.888575"
"03/31/1999","060850004","7","4","ug/m3 LC","17","1","100.0000","88502","Acceptable PM2.5 AQI & Speciation Mass","41940","San Jose-Sunnyvale-Santa Clara, CA","06","California","085","Santa Clara","37.339666","-121.888575"
"04/06/1999","060850004","7","6","ug/m3 LC","25","1","100.0000","88502","Acceptable PM2.5 AQI & Speciation Mass","41940","San Jose-Sunnyvale-Santa Clara, CA","06","California","085","Santa Clara","37.339666","-121.888575"
"04/12/1999","060850004","7","8","ug/m3 LC","33","1","100.0000","88502","Acceptable PM2.5 AQI & Speciation Mass","41940","San Jose-Sunnyvale-Santa Clara, CA","06","California","085","Santa Clara","37.339666","-121.888575"
"04/18/1999","060850004","7","8","ug/m3 LC","33","1","100.0000","88502","Acceptable PM2.5 AQI & Speciation Mass","41940","San Jose-Sunnyvale-Santa Clara, CA","06","California","085","Santa Clara","37.339666","-121.888575"
"04/24/1999","060850004","7","11","ug/m3 LC","46","1","100.0000","88502","Acceptable PM2.5 AQI & Speciation Mass","41940","San Jose-Sunnyvale-Santa Clara, CA","06","California","085","Santa Clara","37.339666","-121.888575"
"04/30/1999","060850004","7","14","ug/m3 LC","55","1","100.0000","88502","Acceptable PM2.5 AQI & Speciation Mass","41940","San Jose-Sunnyvale-Santa Clara, CA","06","California","085","Santa Clara","37.339666","-121.888575"
"05/06/1999","060850004","7","7","ug/m3 LC","29","1","100.0000","88502","Acceptable PM2.5 AQI & Speciation Mass","41940","San Jose-Sunnyvale-Santa Clara, CA","06","California","085","Santa Clara","37.339666","-121.888575"
"05/12/1999","060850004","7","7","ug/m3 LC","29","1","100.0000","88502","Acceptable PM2.5 AQI & Speciation Mass","41940","San Jose-Sunnyvale-Santa Clara, CA","06","California","085","Santa Clara","37.339666","-121.888575"
"05/18/1999","060850004","7","3","ug/m3 LC","13","1","100.0000","88502","Acceptable PM2.5 AQI & Speciation Mass","41940","San Jose-Sunnyvale-Santa Clara, CA","06","California","085","Santa Clara","37.339666","-121.888575"
"05/24/1999","060850004","7","7","ug/m3 LC","29","1","100.0000","88502","Acceptable PM2.5 AQI & Speciation Mass","41940","San Jose-Sunnyvale-Santa Clara, CA","06","California","085","Santa Clara","37.339666","-121.888575"
"05/30/1999","060850004","7","6","ug/m3 LC","25","1","100.0000","88502","Acceptable PM2.5 AQI & Speciation Mass","41940","San Jose-Sunnyvale-Santa Clara, CA","06","California","085","Santa Clara","37.339666","-121.888575"
"06/05/1999","060850004","7","6","ug/m3 LC","25","1","100.0000","88502","Acceptable PM2.5 AQI & Speciation Mass","41940","San Jose-Sunnyvale-Santa Clara, CA","06","California","085","Santa Clara","37.339666","-121.888575"
"06/11/1999","060850004","7","6","ug/m3 LC","25","1","100.0000","88502","Acceptable PM2.5 AQI & Speciation Mass","41940","San Jose-Sunnyvale-Santa Clara, CA","06","California","085","Santa Clara","37.339666","-121.888575"
"06/17/1999","060850004","7","9","ug/m3 LC","38","1","100.0000","88502","Acceptable PM2.5 AQI & Speciation Mass","41940","San Jose-Sunnyvale-Santa Clara, CA","06","California","085","Santa Clara","37.339666","-121.888575"
"06/23/1999","060850004","7","9","ug/m3 LC","38","1","100.0000","88502","Acceptable PM2.5 AQI & Speciation Mass","41940","San Jose-Sunnyvale-Santa Clara, CA","06","California","085","Santa Clara","37.339666","-121.888575"
"06/29/1999","060850004","7","11","ug/m3 LC","46","1","100.0000","88502","Acceptable PM2.5 AQI & Speciation Mass","41940","San Jose-Sunnyvale-Santa Clara, CA","06","California","085","Santa Clara","37.339666","-121.888575"
"07/05/1999","060850004","7","12","ug/m3 LC","50","1","100.0000","88502","Acceptable PM2.5 AQI & Speciation Mass","41940","San Jose-Sunnyvale-Santa Clara, CA","06","California","085","Santa Clara","37.339666","-121.888575"
"07/11/1999","060850004","7","14","ug/m3 LC","55","1","100.0000","88502","Acceptable PM2.5 AQI & Speciation Mass","41940","San Jose-Sunnyvale-Santa Clara, CA","06","California","085","Santa Clara","37.339666","-121.888575"
"07/17/1999","060850004","7","7","ug/m3 LC","29","1","100.0000","88502","Acceptable PM2.5 AQI & Speciation Mass","41940","San Jose-Sunnyvale-Santa Clara, CA","06","California","085","Santa Clara","37.339666","-121.888575"
"07/23/1999","060850004","7","7","ug/m3 LC","29","1","100.0000","88502","Acceptable PM2.5 AQI & Speciation Mass","41940","San Jose-Sunnyvale-Santa Clara, CA","06","California","085","Santa Clara","37.339666","-121.888575"
"08/04/1999","060850004","7","6","ug/m3 LC","25","1","100.0000","88502","Acceptable PM2.5 AQI & Speciation Mass","41940","San Jose-Sunnyvale-Santa Clara, CA","06","California","085","Santa Clara","37.339666","-121.888575"
"08/10/1999","060850004","7","4","ug/m3 LC","17","1","100.0000","88502","Acceptable PM2.5 AQI & Speciation Mass","41940","San Jose-Sunnyvale-Santa Clara, CA","06","California","085","Santa Clara","37.339666","-121.888575"
"08/22/1999","060850004","7","10","ug/m3 LC","42","1","100.0000","88502","Acceptable PM2.5 AQI & Speciation Mass","41940","San Jose-Sunnyvale-Santa Clara, CA","06","California","085","Santa Clara","37.339666","-121.888575"
"08/28/1999","060850004","7","14","ug/m3 LC","55","1","100.0000","88502","Acceptable PM2.5 AQI & Speciation Mass","41940","San Jose-Sunnyvale-Santa Clara, CA","06","California","085","Santa Clara","37.339666","-121.888575"
"09/09/1999","060850004","7","10","ug/m3 LC","42","1","100.0000","88502","Acceptable PM2.5 AQI & Speciation Mass","41940","San Jose-Sunnyvale-Santa Clara, CA","06","California","085","Santa Clara","37.339666","-121.888575"
"09/16/1999","060850004","7","16","ug/m3 LC","59","1","100.0000","88502","Acceptable PM2.5 AQI & Speciation Mass","41940","San Jose-Sunnyvale-Santa Clara, CA","06","California","085","Santa Clara","37.339666","-121.888575"
"09/21/1999","060850004","7","21","ug/m3 LC","70","1","100.0000","88502","Acceptable PM2.5 AQI & Speciation Mass","41940","San Jose-Sunnyvale-Santa Clara, CA","06","California","085","Santa Clara","37.339666","-121.888575"
"09/27/1999","060850004","7","16","ug/m3 LC","59","1","100.0000","88502","Acceptable PM2.5 AQI & Speciation Mass","41940","San Jose-Sunnyvale-Santa Clara, CA","06","California","085","Santa Clara","37.339666","-121.888575"
"10/03/1999","060850004","7","18","ug/m3 LC","63","1","100.0000","88502","Acceptable PM2.5 AQI & Speciation Mass","41940","San Jose-Sunnyvale-Santa Clara, CA","06","California","085","Santa Clara","37.339666","-121.888575"
"10/09/1999","060850004","7","16","ug/m3 LC","59","1","100.0000","88502","Acceptable PM2.5 AQI & Speciation Mass","41940","San Jose-Sunnyvale-Santa Clara, CA","06","California","085","Santa Clara","37.339666","-121.888575"
"10/15/1999","060850004","7","15","ug/m3 LC","57","1","100.0000","88502","Acceptable PM2.5 AQI & Speciation Mass","41940","San Jose-Sunnyvale-Santa Clara, CA","06","California","085","Santa Clara","37.339666","-121.888575"
"10/21/1999","060850004","7","61","ug/m3 LC","154","1","100.0000","88502","Acceptable PM2.5 AQI & Speciation Mass","41940","San Jose-Sunnyvale-Santa Clara, CA","06","California","085","Santa Clara","37.339666","-121.888575"
"10/27/1999","060850004","7","6","ug/m3 LC","25","1","100.0000","88502","Acceptable PM2.5 AQI & Speciation Mass","41940","San Jose-Sunnyvale-Santa Clara, CA","06","California","085","Santa Clara","37.339666","-121.888575"
"11/02/1999","060850004","7","18","ug/m3 LC","63","1","100.0000","88502","Acceptable PM2.5 AQI & Speciation Mass","41940","San Jose-Sunnyvale-Santa Clara, CA","06","California","085","Santa Clara","37.339666","-121.888575"
"11/08/1999","060850004","7","7","ug/m3 LC","29","1","100.0000","88502","Acceptable PM2.5 AQI & Speciation Mass","41940","San Jose-Sunnyvale-Santa Clara, CA","06","California","085","Santa Clara","37.339666","-121.888575"
"11/14/1999","060850004","7","26","ug/m3 LC","80","1","100.0000","88502","Acceptable PM2.5 AQI & Speciation Mass","41940","San Jose-Sunnyvale-Santa Clara, CA","06","California","085","Santa Clara","37.339666","-121.888575"
"11/20/1999","060850004","7","10","ug/m3 LC","42","1","100.0000","88502","Acceptable PM2.5 AQI & Speciation Mass","41940","San Jose-Sunnyvale-Santa Clara, CA","06","California","085","Santa Clara","37.339666","-121.888575"
"11/26/1999","060850004","7","14","ug/m3 LC","55","1","100.0000","88502","Acceptable PM2.5 AQI & Speciation Mass","41940","San Jose-Sunnyvale-Santa Clara, CA","06","California","085","Santa Clara","37.339666","-121.888575"
"12/02/1999","060850004","7","13","ug/m3 LC","53","1","100.0000","88502","Acceptable PM2.5 AQI & Speciation Mass","41940","San Jose-Sunnyvale-Santa Clara, CA","06","California","085","Santa Clara","37.339666","-121.888575"
"12/08/1999","060850004","7","17","ug/m3 LC","61","1","100.0000","88502","Acceptable PM2.5 AQI & Speciation Mass","41940","San Jose-Sunnyvale-Santa Clara, CA","06","California","085","Santa Clara","37.339666","-121.888575"
"12/14/1999","060850004","7","19","ug/m3 LC","66","1","100.0000","88502","Acceptable PM2.5 AQI & Speciation Mass","41940","San Jose-Sunnyvale-Santa Clara, CA","06","California","085","Santa Clara","37.339666","-121.888575"
"12/20/1999","060850004","7","10","ug/m3 LC","42","1","100.0000","88502","Acceptable PM2.5 AQI & Speciation Mass","41940","San Jose-Sunnyvale-Santa Clara, CA","06","California","085","Santa Clara","37.339666","-121.888575"
"12/26/1999","060850004","7","51","ug/m3 LC","139","1","100.0000","88502","Acceptable PM2.5 AQI & Speciation Mass","41940","San Jose-Sunnyvale-Santa Clara, CA","06","California","085","Santa Clara","37.339666","-121.888575"
"03/04/1999","060852003","1","6.4","ug/m3 LC","27","1","100.0000","88101","PM2.5 - Local Conditions","41940","San Jose-Sunnyvale-Santa Clara, CA","06","California","085","Santa Clara","37.3062","-121.84885"
"03/07/1999","060852003","1","15.3","ug/m3 LC","58","1","100.0000","88101","PM2.5 - Local Conditions","41940","San Jose-Sunnyvale-Santa Clara, CA","06","California","085","Santa Clara","37.3062","-121.84885"
"03/10/1999","060852003","1","10.5","ug/m3 LC","44","1","100.0000","88101","PM2.5 - Local Conditions","41940","San Jose-Sunnyvale-Santa Clara, CA","06","California","085","Santa Clara","37.3062","-121.84885"
"03/13/1999","060852003","1","16.2","ug/m3 LC","60","1","100.0000","88101","PM2.5 - Local Conditions","41940","San Jose-Sunnyvale-Santa Clara, CA","06","California","085","Santa Clara","37.3062","-121.84885"
"03/16/1999","060852003","1","13.9","ug/m3 LC","55","1","100.0000","88101","PM2.5 - Local Conditions","41940","San Jose-Sunnyvale-Santa Clara, CA","06","California","085","Santa Clara","37.3062","-121.84885"
"03/19/1999","060852003","1","7.9","ug/m3 LC","33","1","100.0000","88101","PM2.5 - Local Conditions","41940","San Jose-Sunnyvale-Santa Clara, CA","06","California","085","Santa Clara","37.3062","-121.84885"
"03/22/1999","060852003","1","7.6","ug/m3 LC","32","1","100.0000","88101","PM2.5 - Local Conditions","41940","San Jose-Sunnyvale-Santa Clara, CA","06","California","085","Santa Clara","37.3062","-121.84885"
"03/25/1999","060852003","1","7.4","ug/m3 LC","31","1","100.0000","88101","PM2.5 - Local Conditions","41940","San Jose-Sunnyvale-Santa Clara, CA","06","California","085","Santa Clara","37.3062","-121.84885"
"03/28/1999","060852003","1","11.1","ug/m3 LC","46","1","100.0000","88101","PM2.5 - Local Conditions","41940","San Jose-Sunnyvale-Santa Clara, CA","06","California","085","Santa Clara","37.3062","-121.84885"
"03/31/1999","060852003","1","2.8","ug/m3 LC","12","1","100.0000","88101","PM2.5 - Local Conditions","41940","San Jose-Sunnyvale-Santa Clara, CA","06","California","085","Santa Clara","37.3062","-121.84885"
"04/06/1999","060852003","1","5.2","ug/m3 LC","22","1","100.0000","88101","PM2.5 - Local Conditions","41940","San Jose-Sunnyvale-Santa Clara, CA","06","California","085","Santa Clara","37.3062","-121.84885"
"04/18/1999","060852003","1","11.7","ug/m3 LC","49","1","100.0000","88101","PM2.5 - Local Conditions","41940","San Jose-Sunnyvale-Santa Clara, CA","06","California","085","Santa Clara","37.3062","-121.84885"
"04/24/1999","060852003","1","14.5","ug/m3 LC","56","1","100.0000","88101","PM2.5 - Local Conditions","41940","San Jose-Sunnyvale-Santa Clara, CA","06","California","085","Santa Clara","37.3062","-121.84885"
"04/30/1999","060852003","1","16.2","ug/m3 LC","60","1","100.0000","88101","PM2.5 - Local Conditions","41940","San Jose-Sunnyvale-Santa Clara, CA","06","California","085","Santa Clara","37.3062","-121.84885"
"05/06/1999","060852003","1","11.4","ug/m3 LC","48","1","100.0000","88101","PM2.5 - Local Conditions","41940","San Jose-Sunnyvale-Santa Clara, CA","06","California","085","Santa Clara","37.3062","-121.84885"
"05/14/1999","060852003","1","7.8","ug/m3 LC","33","1","100.0000","88101","PM2.5 - Local Conditions","41940","San Jose-Sunnyvale-Santa Clara, CA","06","California","085","Santa Clara","37.3062","-121.84885"
"05/18/1999","060852003","1","6.2","ug/m3 LC","26","1","100.0000","88101","PM2.5 - Local Conditions","41940","San Jose-Sunnyvale-Santa Clara, CA","06","California","085","Santa Clara","37.3062","-121.84885"
"05/30/1999","060852003","1","9.4","ug/m3 LC","39","1","100.0000","88101","PM2.5 - Local Conditions","41940","San Jose-Sunnyvale-Santa Clara, CA","06","California","085","Santa Clara","37.3062","-121.84885"
"06/05/1999","060852003","1","9.3","ug/m3 LC","39","1","100.0000","88101","PM2.5 - Local Conditions","41940","San Jose-Sunnyvale-Santa Clara, CA","06","California","085","Santa Clara","37.3062","-121.84885"
"06/17/1999","060852003","1","11","ug/m3 LC","46","1","100.0000","88101","PM2.5 - Local Conditions","41940","San Jose-Sunnyvale-Santa Clara, CA","06","California","085","Santa Clara","37.3062","-121.84885"
"06/23/1999","060852003","1","10.3","ug/m3 LC","43","1","100.0000","88101","PM2.5 - Local Conditions","41940","San Jose-Sunnyvale-Santa Clara, CA","06","California","085","Santa Clara","37.3062","-121.84885"
"06/29/1999","060852003","1","13.5","ug/m3 LC","54","1","100.0000","88101","PM2.5 - Local Conditions","41940","San Jose-Sunnyvale-Santa Clara, CA","06","California","085","Santa Clara","37.3062","-121.84885"
"07/23/1999","060852003","1","9.6","ug/m3 LC","40","1","100.0000","88101","PM2.5 - Local Conditions","41940","San Jose-Sunnyvale-Santa Clara, CA","06","California","085","Santa Clara","37.3062","-121.84885"
"07/29/1999","060852003","1","7.2","ug/m3 LC","30","1","100.0000","88101","PM2.5 - Local Conditions","41940","San Jose-Sunnyvale-Santa Clara, CA","06","California","085","Santa Clara","37.3062","-121.84885"
"08/04/1999","060852003","1","7","ug/m3 LC","29","1","100.0000","88101","PM2.5 - Local Conditions","41940","San Jose-Sunnyvale-Santa Clara, CA","06","California","085","Santa Clara","37.3062","-121.84885"
"08/10/1999","060852003","1","5.2","ug/m3 LC","22","1","100.0000","88101","PM2.5 - Local Conditions","41940","San Jose-Sunnyvale-Santa Clara, CA","06","California","085","Santa Clara","37.3062","-121.84885"
"08/16/1999","060852003","1","9.6","ug/m3 LC","40","1","100.0000","88101","PM2.5 - Local Conditions","41940","San Jose-Sunnyvale-Santa Clara, CA","06","California","085","Santa Clara","37.3062","-121.84885"
"08/22/1999","060852003","1","11.9","ug/m3 LC","50","1","100.0000","88101","PM2.5 - Local Conditions","41940","San Jose-Sunnyvale-Santa Clara, CA","06","California","085","Santa Clara","37.3062","-121.84885"
"08/28/1999","060852003","1","16.3","ug/m3 LC","60","1","100.0000","88101","PM2.5 - Local Conditions","41940","San Jose-Sunnyvale-Santa Clara, CA","06","California","085","Santa Clara","37.3062","-121.84885"
"09/03/1999","060852003","1","12.4","ug/m3 LC","52","1","100.0000","88101","PM2.5 - Local Conditions","41940","San Jose-Sunnyvale-Santa Clara, CA","06","California","085","Santa Clara","37.3062","-121.84885"
"09/09/1999","060852003","1","10.4","ug/m3 LC","43","1","100.0000","88101","PM2.5 - Local Conditions","41940","San Jose-Sunnyvale-Santa Clara, CA","06","California","085","Santa Clara","37.3062","-121.84885"
"09/15/1999","060852003","1","27.2","ug/m3 LC","83","1","100.0000","88101","PM2.5 - Local Conditions","41940","San Jose-Sunnyvale-Santa Clara, CA","06","California","085","Santa Clara","37.3062","-121.84885"
"09/21/1999","060852003","1","25.9","ug/m3 LC","80","1","100.0000","88101","PM2.5 - Local Conditions","41940","San Jose-Sunnyvale-Santa Clara, CA","06","California","085","Santa Clara","37.3062","-121.84885"
"09/27/1999","060852003","1","15.6","ug/m3 LC","58","1","100.0000","88101","PM2.5 - Local Conditions","41940","San Jose-Sunnyvale-Santa Clara, CA","06","California","085","Santa Clara","37.3062","-121.84885"
"10/01/1999","060852003","1","24.2","ug/m3 LC","76","1","100.0000","88101","PM2.5 - Local Conditions","41940","San Jose-Sunnyvale-Santa Clara, CA","06","California","085","Santa Clara","37.3062","-121.84885"
"10/02/1999","060852003","1","22","ug/m3 LC","72","1","100.0000","88101","PM2.5 - Local Conditions","41940","San Jose-Sunnyvale-Santa Clara, CA","06","California","085","Santa Clara","37.3062","-121.84885"
"10/03/1999","060852003","1","19.3","ug/m3 LC","66","1","100.0000","88101","PM2.5 - Local Conditions","41940","San Jose-Sunnyvale-Santa Clara, CA","06","California","085","Santa Clara","37.3062","-121.84885"
"10/04/1999","060852003","1","17","ug/m3 LC","61","1","100.0000","88101","PM2.5 - Local Conditions","41940","San Jose-Sunnyvale-Santa Clara, CA","06","California","085","Santa Clara","37.3062","-121.84885"
"10/05/1999","060852003","1","8.1","ug/m3 LC","34","1","100.0000","88101","PM2.5 - Local Conditions","41940","San Jose-Sunnyvale-Santa Clara, CA","06","California","085","Santa Clara","37.3062","-121.84885"
"10/06/1999","060852003","1","6.2","ug/m3 LC","26","1","100.0000","88101","PM2.5 - Local Conditions","41940","San Jose-Sunnyvale-Santa Clara, CA","06","California","085","Santa Clara","37.3062","-121.84885"
"10/07/1999","060852003","1","10.9","ug/m3 LC","45","1","100.0000","88101","PM2.5 - Local Conditions","41940","San Jose-Sunnyvale-Santa Clara, CA","06","California","085","Santa Clara","37.3062","-121.84885"
"10/08/1999","060852003","1","14.6","ug/m3 LC","56","1","100.0000","88101","PM2.5 - Local Conditions","41940","San Jose-Sunnyvale-Santa Clara, CA","06","California","085","Santa Clara","37.3062","-121.84885"
"10/09/1999","060852003","1","15.7","ug/m3 LC","59","1","100.0000","88101","PM2.5 - Local Conditions","41940","San Jose-Sunnyvale-Santa Clara, CA","06","California","085","Santa Clara","37.3062","-121.84885"
"10/10/1999","060852003","1","16","ug/m3 LC","59","1","100.0000","88101","PM2.5 - Local Conditions","41940","San Jose-Sunnyvale-Santa Clara, CA","06","California","085","Santa Clara","37.3062","-121.84885"
"10/11/1999","060852003","1","18","ug/m3 LC","63","1","100.0000","88101","PM2.5 - Local Conditions","41940","San Jose-Sunnyvale-Santa Clara, CA","06","California","085","Santa Clara","37.3062","-121.84885"
"10/14/1999","060852003","1","18","ug/m3 LC","63","1","100.0000","88101","PM2.5 - Local Conditions","41940","San Jose-Sunnyvale-Santa Clara, CA","06","California","085","Santa Clara","37.3062","-121.84885"
"10/15/1999","060852003","1","18.1","ug/m3 LC","64","1","100.0000","88101","PM2.5 - Local Conditions","41940","San Jose-Sunnyvale-Santa Clara, CA","06","California","085","Santa Clara","37.3062","-121.84885"
"10/16/1999","060852003","1","44.9","ug/m3 LC","124","1","100.0000","88101","PM2.5 - Local Conditions","41940","San Jose-Sunnyvale-Santa Clara, CA","06","California","085","Santa Clara","37.3062","-121.84885"
"10/17/1999","060852003","1","48","ug/m3 LC","132","1","100.0000","88101","PM2.5 - Local Conditions","41940","San Jose-Sunnyvale-Santa Clara, CA","06","California","085","Santa Clara","37.3062","-121.84885"
"10/18/1999","060852003","1","26.3","ug/m3 LC","81","1","100.0000","88101","PM2.5 - Local Conditions","41940","San Jose-Sunnyvale-Santa Clara, CA","06","California","085","Santa Clara","37.3062","-121.84885"
"10/19/1999","060852003","1","44.1","ug/m3 LC","122","1","100.0000","88101","PM2.5 - Local Conditions","41940","San Jose-Sunnyvale-Santa Clara, CA","06","California","085","Santa Clara","37.3062","-121.84885"
"10/20/1999","060852003","1","63.2","ug/m3 LC","155","1","100.0000","88101","PM2.5 - Local Conditions","41940","San Jose-Sunnyvale-Santa Clara, CA","06","California","085","Santa Clara","37.3062","-121.84885"
"10/21/1999","060852003","1","68.7","ug/m3 LC","158","1","100.0000","88101","PM2.5 - Local Conditions","41940","San Jose-Sunnyvale-Santa Clara, CA","06","California","085","Santa Clara","37.3062","-121.84885"
"10/22/1999","060852003","1","53.8","ug/m3 LC","146","1","100.0000","88101","PM2.5 - Local Conditions","41940","San Jose-Sunnyvale-Santa Clara, CA","06","California","085","Santa Clara","37.3062","-121.84885"
"10/23/1999","060852003","1","52.8","ug/m3 LC","144","1","100.0000","88101","PM2.5 - Local Conditions","41940","San Jose-Sunnyvale-Santa Clara, CA","06","California","085","Santa Clara","37.3062","-121.84885"
"10/24/1999","060852003","1","21.1","ug/m3 LC","70","1","100.0000","88101","PM2.5 - Local Conditions","41940","San Jose-Sunnyvale-Santa Clara, CA","06","California","085","Santa Clara","37.3062","-121.84885"
"10/25/1999","060852003","1","21.6","ug/m3 LC","71","1","100.0000","88101","PM2.5 - Local Conditions","41940","San Jose-Sunnyvale-Santa Clara, CA","06","California","085","Santa Clara","37.3062","-121.84885"
"10/26/1999","060852003","1","17.9","ug/m3 LC","63","1","100.0000","88101","PM2.5 - Local Conditions","41940","San Jose-Sunnyvale-Santa Clara, CA","06","California","085","Santa Clara","37.3062","-121.84885"
"10/27/1999","060852003","1","5.4","ug/m3 LC","23","1","100.0000","88101","PM2.5 - Local Conditions","41940","San Jose-Sunnyvale-Santa Clara, CA","06","California","085","Santa Clara","37.3062","-121.84885"
"10/28/1999","060852003","1","8.9","ug/m3 LC","37","1","100.0000","88101","PM2.5 - Local Conditions","41940","San Jose-Sunnyvale-Santa Clara, CA","06","California","085","Santa Clara","37.3062","-121.84885"
"11/02/1999","060852003","1","20.4","ug/m3 LC","68","1","100.0000","88101","PM2.5 - Local Conditions","41940","San Jose-Sunnyvale-Santa Clara, CA","06","California","085","Santa Clara","37.3062","-121.84885"
"11/03/1999","060852003","1","33.2","ug/m3 LC","95","1","100.0000","88101","PM2.5 - Local Conditions","41940","San Jose-Sunnyvale-Santa Clara, CA","06","California","085","Santa Clara","37.3062","-121.84885"
"11/04/1999","060852003","1","34.5","ug/m3 LC","98","1","100.0000","88101","PM2.5 - Local Conditions","41940","San Jose-Sunnyvale-Santa Clara, CA","06","California","085","Santa Clara","37.3062","-121.84885"
"11/05/1999","060852003","1","25.7","ug/m3 LC","80","1","100.0000","88101","PM2.5 - Local Conditions","41940","San Jose-Sunnyvale-Santa Clara, CA","06","California","085","Santa Clara","37.3062","-121.84885"
"11/06/1999","060852003","1","19.2","ug/m3 LC","66","1","100.0000","88101","PM2.5 - Local Conditions","41940","San Jose-Sunnyvale-Santa Clara, CA","06","California","085","Santa Clara","37.3062","-121.84885"
"11/07/1999","060852003","1","4.3","ug/m3 LC","18","1","100.0000","88101","PM2.5 - Local Conditions","41940","San Jose-Sunnyvale-Santa Clara, CA","06","California","085","Santa Clara","37.3062","-121.84885"
"11/08/1999","060852003","1","8.6","ug/m3 LC","36","1","100.0000","88101","PM2.5 - Local Conditions","41940","San Jose-Sunnyvale-Santa Clara, CA","06","California","085","Santa Clara","37.3062","-121.84885"
"11/09/1999","060852003","1","8.3","ug/m3 LC","35","1","100.0000","88101","PM2.5 - Local Conditions","41940","San Jose-Sunnyvale-Santa Clara, CA","06","California","085","Santa Clara","37.3062","-121.84885"
"11/10/1999","060852003","1","4.5","ug/m3 LC","19","1","100.0000","88101","PM2.5 - Local Conditions","41940","San Jose-Sunnyvale-Santa Clara, CA","06","California","085","Santa Clara","37.3062","-121.84885"
"11/11/1999","060852003","1","11.1","ug/m3 LC","46","1","100.0000","88101","PM2.5 - Local Conditions","41940","San Jose-Sunnyvale-Santa Clara, CA","06","California","085","Santa Clara","37.3062","-121.84885"
"11/12/1999","060852003","1","37.1","ug/m3 LC","105","1","100.0000","88101","PM2.5 - Local Conditions","41940","San Jose-Sunnyvale-Santa Clara, CA","06","California","085","Santa Clara","37.3062","-121.84885"
"11/13/1999","060852003","1","41.5","ug/m3 LC","116","1","100.0000","88101","PM2.5 - Local Conditions","41940","San Jose-Sunnyvale-Santa Clara, CA","06","California","085","Santa Clara","37.3062","-121.84885"
"11/14/1999","060852003","1","26","ug/m3 LC","80","1","100.0000","88101","PM2.5 - Local Conditions","41940","San Jose-Sunnyvale-Santa Clara, CA","06","California","085","Santa Clara","37.3062","-121.84885"
"11/15/1999","060852003","1","6.1","ug/m3 LC","25","1","100.0000","88101","PM2.5 - Local Conditions","41940","San Jose-Sunnyvale-Santa Clara, CA","06","California","085","Santa Clara","37.3062","-121.84885"
"11/16/1999","060852003","1","4.5","ug/m3 LC","19","1","100.0000","88101","PM2.5 - Local Conditions","41940","San Jose-Sunnyvale-Santa Clara, CA","06","California","085","Santa Clara","37.3062","-121.84885"
"11/17/1999","060852003","1","7.2","ug/m3 LC","30","1","100.0000","88101","PM2.5 - Local Conditions","41940","San Jose-Sunnyvale-Santa Clara, CA","06","California","085","Santa Clara","37.3062","-121.84885"
"11/18/1999","060852003","1","11.8","ug/m3 LC","49","1","100.0000","88101","PM2.5 - Local Conditions","41940","San Jose-Sunnyvale-Santa Clara, CA","06","California","085","Santa Clara","37.3062","-121.84885"
"11/19/1999","060852003","1","7.5","ug/m3 LC","31","1","100.0000","88101","PM2.5 - Local Conditions","41940","San Jose-Sunnyvale-Santa Clara, CA","06","California","085","Santa Clara","37.3062","-121.84885"
"11/20/1999","060852003","1","9.5","ug/m3 LC","40","1","100.0000","88101","PM2.5 - Local Conditions","41940","San Jose-Sunnyvale-Santa Clara, CA","06","California","085","Santa Clara","37.3062","-121.84885"
"11/21/1999","060852003","1","6.1","ug/m3 LC","25","1","100.0000","88101","PM2.5 - Local Conditions","41940","San Jose-Sunnyvale-Santa Clara, CA","06","California","085","Santa Clara","37.3062","-121.84885"
"11/22/1999","060852003","1","13","ug/m3 LC","53","1","100.0000","88101","PM2.5 - Local Conditions","41940","San Jose-Sunnyvale-Santa Clara, CA","06","California","085","Santa Clara","37.3062","-121.84885"
"11/23/1999","060852003","1","17","ug/m3 LC","61","1","100.0000","88101","PM2.5 - Local Conditions","41940","San Jose-Sunnyvale-Santa Clara, CA","06","California","085","Santa Clara","37.3062","-121.84885"
"11/25/1999","060852003","1","35.6","ug/m3 LC","101","1","100.0000","88101","PM2.5 - Local Conditions","41940","San Jose-Sunnyvale-Santa Clara, CA","06","California","085","Santa Clara","37.3062","-121.84885"
"11/26/1999","060852003","1","18.9","ug/m3 LC","65","1","100.0000","88101","PM2.5 - Local Conditions","41940","San Jose-Sunnyvale-Santa Clara, CA","06","California","085","Santa Clara","37.3062","-121.84885"
"11/27/1999","060852003","1","13.7","ug/m3 LC","54","1","100.0000","88101","PM2.5 - Local Conditions","41940","San Jose-Sunnyvale-Santa Clara, CA","06","California","085","Santa Clara","37.3062","-121.84885"
"11/28/1999","060852003","1","32.1","ug/m3 LC","93","1","100.0000","88101","PM2.5 - Local Conditions","41940","San Jose-Sunnyvale-Santa Clara, CA","06","California","085","Santa Clara","37.3062","-121.84885"
"11/29/1999","060852003","1","18.1","ug/m3 LC","64","1","100.0000","88101","PM2.5 - Local Conditions","41940","San Jose-Sunnyvale-Santa Clara, CA","06","California","085","Santa Clara","37.3062","-121.84885"
"11/30/1999","060852003","1","3.6","ug/m3 LC","15","1","100.0000","88101","PM2.5 - Local Conditions","41940","San Jose-Sunnyvale-Santa Clara, CA","06","California","085","Santa Clara","37.3062","-121.84885"
"12/01/1999","060852003","1","10.4","ug/m3 LC","43","1","100.0000","88101","PM2.5 - Local Conditions","41940","San Jose-Sunnyvale-Santa Clara, CA","06","California","085","Santa Clara","37.3062","-121.84885"
"12/02/1999","060852003","1","14.8","ug/m3 LC","57","1","100.0000","88101","PM2.5 - Local Conditions","41940","San Jose-Sunnyvale-Santa Clara, CA","06","California","085","Santa Clara","37.3062","-121.84885"
"12/03/1999","060852003","1","8.6","ug/m3 LC","36","1","100.0000","88101","PM2.5 - Local Conditions","41940","San Jose-Sunnyvale-Santa Clara, CA","06","California","085","Santa Clara","37.3062","-121.84885"
"12/04/1999","060852003","1","20.3","ug/m3 LC","68","1","100.0000","88101","PM2.5 - Local Conditions","41940","San Jose-Sunnyvale-Santa Clara, CA","06","California","085","Santa Clara","37.3062","-121.84885"
"12/05/1999","060852003","1","39.9","ug/m3 LC","112","1","100.0000","88101","PM2.5 - Local Conditions","41940","San Jose-Sunnyvale-Santa Clara, CA","06","California","085","Santa Clara","37.3062","-121.84885"
"12/06/1999","060852003","1","33.2","ug/m3 LC","95","1","100.0000","88101","PM2.5 - Local Conditions","41940","San Jose-Sunnyvale-Santa Clara, CA","06","California","085","Santa Clara","37.3062","-121.84885"
"12/07/1999","060852003","1","12.8","ug/m3 LC","52","1","100.0000","88101","PM2.5 - Local Conditions","41940","San Jose-Sunnyvale-Santa Clara, CA","06","California","085","Santa Clara","37.3062","-121.84885"
"12/08/1999","060852003","1","5.8","ug/m3 LC","24","1","100.0000","88101","PM2.5 - Local Conditions","41940","San Jose-Sunnyvale-Santa Clara, CA","06","California","085","Santa Clara","37.3062","-121.84885"
"12/09/1999","060852003","1","17.5","ug/m3 LC","62","1","100.0000","88101","PM2.5 - Local Conditions","41940","San Jose-Sunnyvale-Santa Clara, CA","06","California","085","Santa Clara","37.3062","-121.84885"
"12/10/1999","060852003","1","13.5","ug/m3 LC","54","1","100.0000","88101","PM2.5 - Local Conditions","41940","San Jose-Sunnyvale-Santa Clara, CA","06","California","085","Santa Clara","37.3062","-121.84885"
"12/14/1999","060852003","1","20.6","ug/m3 LC","69","1","100.0000","88101","PM2.5 - Local Conditions","41940","San Jose-Sunnyvale-Santa Clara, CA","06","California","085","Santa Clara","37.3062","-121.84885"
"12/15/1999","060852003","1","35.7","ug/m3 LC","101","1","100.0000","88101","PM2.5 - Local Conditions","41940","San Jose-Sunnyvale-Santa Clara, CA","06","California","085","Santa Clara","37.3062","-121.84885"
"12/17/1999","060852003","1","44.4","ug/m3 LC","123","1","100.0000","88101","PM2.5 - Local Conditions","41940","San Jose-Sunnyvale-Santa Clara, CA","06","California","085","Santa Clara","37.3062","-121.84885"
"12/18/1999","060852003","1","47.6","ug/m3 LC","131","1","100.0000","88101","PM2.5 - Local Conditions","41940","San Jose-Sunnyvale-Santa Clara, CA","06","California","085","Santa Clara","37.3062","-121.84885"
"12/19/1999","060852003","1","12.5","ug/m3 LC","52","1","100.0000","88101","PM2.5 - Local Conditions","41940","San Jose-Sunnyvale-Santa Clara, CA","06","California","085","Santa Clara","37.3062","-121.84885"
"12/20/1999","060852003","1","9.5","ug/m3 LC","40","1","100.0000","88101","PM2.5 - Local Conditions","41940","San Jose-Sunnyvale-Santa Clara, CA","06","California","085","Santa Clara","37.3062","-121.84885"
"12/21/1999","060852003","1","12","ug/m3 LC","50","1","100.0000","88101","PM2.5 - Local Conditions","41940","San Jose-Sunnyvale-Santa Clara, CA","06","California","085","Santa Clara","37.3062","-121.84885"
"12/22/1999","060852003","1","20.2","ug/m3 LC","68","1","100.0000","88101","PM2.5 - Local Conditions","41940","San Jose-Sunnyvale-Santa Clara, CA","06","California","085","Santa Clara","37.3062","-121.84885"
"12/23/1999","060852003","1","26.5","ug/m3 LC","81","1","100.0000","88101","PM2.5 - Local Conditions","41940","San Jose-Sunnyvale-Santa Clara, CA","06","California","085","Santa Clara","37.3062","-121.84885"
"12/24/1999","060852003","1","58.4","ug/m3 LC","152","1","100.0000","88101","PM2.5 - Local Conditions","41940","San Jose-Sunnyvale-Santa Clara, CA","06","California","085","Santa Clara","37.3062","-121.84885"
"12/25/1999","060852003","1","66.9","ug/m3 LC","157","1","100.0000","88101","PM2.5 - Local Conditions","41940","San Jose-Sunnyvale-Santa Clara, CA","06","California","085","Santa Clara","37.3062","-121.84885"
"12/26/1999","060852003","1","49.6","ug/m3 LC","136","1","100.0000","88101","PM2.5 - Local Conditions","41940","San Jose-Sunnyvale-Santa Clara, CA","06","California","085","Santa Clara","37.3062","-121.84885"
"12/27/1999","060852003","1","77","ug/m3 LC","162","1","100.0000","88101","PM2.5 - Local Conditions","41940","San Jose-Sunnyvale-Santa Clara, CA","06","California","085","Santa Clara","37.3062","-121.84885"
"12/28/1999","060852003","1","59.7","ug/m3 LC","153","1","100.0000","88101","PM2.5 - Local Conditions","41940","San Jose-Sunnyvale-Santa Clara, CA","06","California","085","Santa Clara","37.3062","-121.84885"
"12/29/1999","060852003","1","42.7","ug/m3 LC","119","1","100.0000","88101","PM2.5 - Local Conditions","41940","San Jose-Sunnyvale-Santa Clara, CA","06","California","085","Santa Clara","37.3062","-121.84885"
"12/31/1999","060852003","1","34.1","ug/m3 LC","97","1","100.0000","88101","PM2.5 - Local Conditions","41940","San Jose-Sunnyvale-Santa Clara, CA","06","California","085","Santa Clara","37.3062","-121.84885"
